run_id,plan_a,plan_b,cell_x,cell_y,cell_z,idx_a,idx_b,time_a,time_b,time_gap,time_diff,required_gap,conflict_type
20260912_204519_132_network_old_gaussian_meter_env2025_traffic2025_856707b5,17,92,55,43,0,48,52,2170.9682972899604,2175.873019020509,-4.904721730548772,4.904721730548772,30.0,deterministic
20260912_204519_132_network_old_gaussian_meter_env2025_traffic2025_856707b5,15,66,14,45,0,8,11,543.1703393448362,550.6766982262977,-7.506358881461551,7.506358881461551,30.0,deterministic
20260912_204519_132_network_old_gaussian_meter_env2025_traffic2025_856707b5,2,11,35,34,1,17,24,1052.3072332800298,1051.5314348531615,0.7757984268680502,0.7757984268680502,30.0,deterministic
20260912_204519_132_network_old_gaussian_meter_env2025_traffic2025_856707b5,2,14,26,34,1,26,21,1143.187846297851,1172.76780790487,-29.579961607019413,29.579961607019413,30.0,deterministic
20260912_204519_132_network_old_gaussian_meter_env2025_traffic2025_856707b5,2,52,24,34,1,28,28,1163.187846297851,1149.0894298547328,14.098416443117912,14.098416443117912,30.0,deterministic
20260912_204519_132_network_old_gaussian_meter_env2025_traffic2025_856707b5,15,66,18,41,0,12,15,599.73888183976,607.2452407212215,-7.506358881461551,7.506358881461551,30.0,deterministic
20260912_204519_132_network_old_gaussian_meter_env2025_traffic2025_856707b5,31,99,33,28,1,21,24,1313.816975222548,1309.080364559347,4.736610663201191,4.736610663201191,30.0,deterministic
20260912_204519_132_network_old_gaussian_meter_env2025_traffic2025_856707b5,5,51,21,17,0,9,19,1138.649074435003,1130.5790401616346,8.070034273368492,8.070034273368492,30.0,deterministic
20260912_204519_132_network_old_gaussian_meter_env2025_traffic2025_856707b5,23,92,26,43,1,12,23,1912.2126505220167,1882.790873458136,29.42177706388111,29.42177706388111,30.0,deterministic
20260912_204519_132_network_old_gaussian_meter_env2025_traffic2025_856707b5,7,19,25,48,0,47,7,650.4405639400109,626.0800019597834,24.36056198022743,24.36056198022743,30.0,deterministic
20260912_204519_132_network_old_gaussian_meter_env2025_traffic2025_856707b5,28,91,37,24,0,14,34,481.63497104619887,487.4595929500596,-5.824621903860759,5.824621903860759,30.0,deterministic
20260912_204519_132_network_old_gaussian_meter_env2025_traffic2025_856707b5,42,56,30,32,0,24,27,1157.6138590690484,1132.4738943934567,25.139964675591727,25.139964675591727,30.0,deterministic
20260912_204519_132_network_old_gaussian_meter_env2025_traffic2025_856707b5,43,68,25,36,0,17,22,376.9481469882351,368.02826320731447,8.9198837809206,8.9198837809206,30.0,deterministic
20260912_204519_132_network_old_gaussian_meter_env2025_traffic2025_856707b5,9,41,1,55,0,3,38,1630.556957832523,1644.7877807019331,-14.230822869410076,14.230822869410076,30.0,deterministic
20260912_204519_132_network_old_gaussian_meter_env2025_traffic2025_856707b5,9,70,5,51,0,7,6,1687.1255003274473,1711.067671965232,-23.942171637784668,23.942171637784668,30.0,deterministic
20260912_204519_132_network_old_gaussian_meter_env2025_traffic2025_856707b5,9,93,22,23,1,35,22,2046.1407738494072,2016.6197519217808,29.521021927626634,29.521021927626634,30.0,deterministic
20260912_204519_132_network_old_gaussian_meter_env2025_traffic2025_856707b5,11,56,26,28,0,33,31,1166.6989452666178,1189.042436888381,-22.343491621763174,22.343491621763174,30.0,deterministic
20260912_204519_132_network_old_gaussian_meter_env2025_traffic2025_856707b5,10,22,29,25,0,26,27,1612.7125609243126,1599.126120812145,13.586440112167566,13.586440112167566,30.0,deterministic
20260912_204519_132_network_old_gaussian_meter_env2025_traffic2025_856707b5,11,56,25,28,0,34,32,1176.6989452666178,1199.042436888381,-22.343491621763174,22.343491621763174,30.0,deterministic
20260912_204519_132_network_old_gaussian_meter_env2025_traffic2025_856707b5,11,56,24,28,0,35,33,1186.6989452666178,1209.042436888381,-22.343491621763174,22.343491621763174,30.0,deterministic
20260912_204519_132_network_old_gaussian_meter_env2025_traffic2025_856707b5,11,56,23,27,0,36,34,1200.8410808903486,1223.184572512112,-22.343491621763405,22.343491621763405,30.0,deterministic
20260912_204519_132_network_old_gaussian_meter_env2025_traffic2025_856707b5,11,89,19,28,0,40,20,1253.2674877615418,1240.7917395741824,12.475748187359386,12.475748187359386,30.0,deterministic
20260912_204519_132_network_old_gaussian_meter_env2025_traffic2025_856707b5,15,66,11,48,0,5,8,500.7439324736433,508.2502913551049,-7.506358881461551,7.506358881461551,30.0,deterministic
20260912_204519_132_network_old_gaussian_meter_env2025_traffic2025_856707b5,14,59,5,17,0,0,34,891.2818024503931,874.7654396658412,16.516362784551916,16.516362784551916,30.0,deterministic
20260912_204519_132_network_old_gaussian_meter_env2025_traffic2025_856707b5,14,52,18,27,2,13,20,1063.458161867683,1048.0640550650076,15.394106802675424,15.394106802675424,30.0,deterministic
20260912_204519_132_network_old_gaussian_meter_env2025_traffic2025_856707b5,14,52,19,28,1,14,21,1077.914994162484,1062.5208873598085,15.394106802675424,15.394106802675424,30.0,deterministic
20260912_204519_132_network_old_gaussian_meter_env2025_traffic2025_856707b5,14,52,20,29,1,15,22,1092.0571297862148,1076.6630229835396,15.394106802675196,15.394106802675196,30.0,deterministic
20260912_204519_132_network_old_gaussian_meter_env2025_traffic2025_856707b5,18,50,42,48,0,43,10,1811.740910966627,1818.9218707079767,-7.180959741349625,7.180959741349625,30.0,deterministic
20260912_204519_132_network_old_gaussian_meter_env2025_traffic2025_856707b5,70,94,6,53,0,4,48,1686.925536341501,1711.8693763108945,-24.943839969393597,24.943839969393597,30.0,deterministic
20260912_204519_132_network_old_gaussian_meter_env2025_traffic2025_856707b5,15,66,8,51,0,2,5,458.3175256024505,465.823884483912,-7.506358881461551,7.506358881461551,30.0,deterministic
20260912_204519_132_network_old_gaussian_meter_env2025_traffic2025_856707b5,15,66,9,50,0,3,6,472.4596612261814,479.966020107643,-7.506358881461551,7.506358881461551,30.0,deterministic
20260912_204519_132_network_old_gaussian_meter_env2025_traffic2025_856707b5,15,66,10,49,0,4,7,486.6017968499124,494.1081557313739,-7.506358881461551,7.506358881461551,30.0,deterministic
20260912_204519_132_network_old_gaussian_meter_env2025_traffic2025_856707b5,15,66,12,47,0,6,9,514.8860680973743,522.3924269788358,-7.506358881461551,7.506358881461551,30.0,deterministic
20260912_204519_132_network_old_gaussian_meter_env2025_traffic2025_856707b5,15,66,13,46,0,7,10,529.0282037211052,536.5345626025668,-7.506358881461551,7.506358881461551,30.0,deterministic
20260912_204519_132_network_old_gaussian_meter_env2025_traffic2025_856707b5,15,66,15,44,0,9,12,557.3124749685671,564.8188338500287,-7.506358881461551,7.506358881461551,30.0,deterministic
20260912_204519_132_network_old_gaussian_meter_env2025_traffic2025_856707b5,15,66,16,43,0,10,13,571.4546105922981,578.9609694737596,-7.506358881461551,7.506358881461551,30.0,deterministic
20260912_204519_132_network_old_gaussian_meter_env2025_traffic2025_856707b5,15,66,17,42,0,11,14,585.596746216029,593.1031050974906,-7.506358881461551,7.506358881461551,30.0,deterministic
20260912_204519_132_network_old_gaussian_meter_env2025_traffic2025_856707b5,15,19,41,27,0,35,28,887.7287805719933,910.6384431869404,-22.90966261494725,22.90966261494725,30.0,deterministic
20260912_204519_132_network_old_gaussian_meter_env2025_traffic2025_856707b5,16,29,52,29,0,29,44,2125.9781237673287,2143.3616813699828,-17.383557602654037,17.383557602654037,30.0,deterministic
20260912_204519_132_network_old_gaussian_meter_env2025_traffic2025_856707b5,17,75,23,24,0,15,21,1765.7804627206615,1763.1126971385415,2.667765582119955,2.667765582119955,30.0,deterministic
20260912_204519_132_network_old_gaussian_meter_env2025_traffic2025_856707b5,17,75,23,25,0,16,22,1775.7804627206615,1773.1126971385415,2.667765582119955,2.667765582119955,30.0,deterministic
20260912_204519_132_network_old_gaussian_meter_env2025_traffic2025_856707b5,17,75,24,26,1,17,23,1790.2372950154625,1787.5695294333425,2.667765582119955,2.667765582119955,30.0,deterministic
20260912_204519_132_network_old_gaussian_meter_env2025_traffic2025_856707b5,17,29,33,35,1,26,25,1917.5165156290416,1928.1941709565265,-10.677655327484445,10.677655327484445,30.0,deterministic
20260912_204519_132_network_old_gaussian_meter_env2025_traffic2025_856707b5,91,98,36,15,0,43,8,589.8859998212524,601.4680351086821,-11.582035287429676,11.582035287429676,30.0,deterministic
20260912_204519_132_network_old_gaussian_meter_env2025_traffic2025_856707b5,36,91,36,20,0,17,38,528.9733345539285,531.6017285737905,-2.628394019862071,2.628394019862071,30.0,deterministic
20260912_204519_132_network_old_gaussian_meter_env2025_traffic2025_856707b5,18,50,42,49,0,44,9,1821.740910966627,1808.9218707079767,12.819040258650377,12.819040258650377,30.0,deterministic
20260912_204519_132_network_old_gaussian_meter_env2025_traffic2025_856707b5,18,39,42,51,0,46,6,1841.740910966627,1866.7000698896416,-24.959158923014684,24.959158923014684,30.0,deterministic
20260912_204519_132_network_old_gaussian_meter_env2025_traffic2025_856707b5,19,42,43,20,0,35,11,988.9227144344025,977.908231584276,11.01448285012657,11.01448285012657,30.0,deterministic
20260912_204519_132_network_old_gaussian_meter_env2025_traffic2025_856707b5,19,20,43,14,0,43,13,1064.7169920418253,1051.862710927931,12.85428111389433,12.85428111389433,30.0,deterministic
20260912_204519_132_network_old_gaussian_meter_env2025_traffic2025_856707b5,21,91,36,39,0,29,19,337.805066184058,333.3174573263287,4.487608857729299,4.487608857729299,30.0,deterministic
20260912_204519_132_network_old_gaussian_meter_env2025_traffic2025_856707b5,21,32,47,41,0,40,6,456.0893374315199,471.7408694707486,-15.651532039228698,15.651532039228698,30.0,deterministic
20260912_204519_132_network_old_gaussian_meter_env2025_traffic2025_856707b5,21,32,48,41,0,41,5,466.0893374315199,461.7408694707486,4.348467960771302,4.348467960771302,30.0,deterministic
20260912_204519_132_network_old_gaussian_meter_env2025_traffic2025_856707b5,21,32,49,41,0,42,4,476.0893374315199,451.7408694707486,24.348467960771305,24.348467960771305,30.0,deterministic
20260912_204519_132_network_old_gaussian_meter_env2025_traffic2025_856707b5,22,57,54,23,0,2,34,1332.5575783172208,1359.2960792843885,-26.73850096716751,26.73850096716751,30.0,deterministic
20260912_204519_132_network_old_gaussian_meter_env2025_traffic2025_856707b5,54,55,26,25,0,27,33,479.5177121152213,449.7186412699224,29.799070845298843,29.799070845298843,30.0,deterministic
20260912_204519_132_network_old_gaussian_meter_env2025_traffic2025_856707b5,22,53,15,26,1,41,32,1752.747837372229,1725.106145057095,27.641692315133696,27.641692315133696,30.0,deterministic
20260912_204519_132_network_old_gaussian_meter_env2025_traffic2025_856707b5,25,68,40,51,0,3,6,146.34892045176895,150.03836447508115,-3.689444023312205,3.689444023312205,30.0,deterministic
20260912_204519_132_network_old_gaussian_meter_env2025_traffic2025_856707b5,25,44,55,32,1,22,29,398.7956514788032,426.5479633012487,-27.75231182244545,27.75231182244545,30.0,deterministic
20260912_204519_132_network_old_gaussian_meter_env2025_traffic2025_856707b5,25,44,55,31,1,23,28,408.7956514788032,416.5479633012487,-7.752311822445449,7.752311822445449,30.0,deterministic
20260912_204519_132_network_old_gaussian_meter_env2025_traffic2025_856707b5,25,44,55,30,1,24,27,418.7956514788032,406.5479633012487,12.24768817755455,12.24768817755455,30.0,deterministic
20260912_204519_132_network_old_gaussian_meter_env2025_traffic2025_856707b5,31,94,33,29,1,22,21,1323.816975222548,1339.62585130172,-15.808876079172023,15.808876079172023,30.0,deterministic
20260912_204519_132_network_old_gaussian_meter_env2025_traffic2025_856707b5,39,64,33,42,2,15,24,1995.2380771875007,2003.486527388252,-8.24845020075145,8.24845020075145,30.0,deterministic
20260912_204519_132_network_old_gaussian_meter_env2025_traffic2025_856707b5,39,45,44,53,0,4,46,1838.41579864218,1836.240324601135,2.1754740410447084,2.1754740410447084,30.0,deterministic
20260912_204519_132_network_old_gaussian_meter_env2025_traffic2025_856707b5,39,81,40,49,0,8,17,1894.984341137104,1898.775797227443,-3.791456090339125,3.791456090339125,30.0,deterministic
20260912_204519_132_network_old_gaussian_meter_env2025_traffic2025_856707b5,39,92,34,43,1,14,31,1980.7812448927,1963.671486475957,17.109758416742807,17.109758416742807,30.0,deterministic
20260912_204519_132_network_old_gaussian_meter_env2025_traffic2025_856707b5,40,70,8,55,0,40,2,1629.8568774517994,1658.6412650940388,-28.78438764223938,28.78438764223938,30.0,deterministic
20260912_204519_132_network_old_gaussian_meter_env2025_traffic2025_856707b5,45,94,18,43,1,20,36,1524.835603923172,1548.8745367182346,-24.038932795062465,24.038932795062465,30.0,deterministic
20260912_204519_132_network_old_gaussian_meter_env2025_traffic2025_856707b5,45,63,20,45,1,22,36,1553.1198751706345,1534.920736702959,18.19913846767531,18.19913846767531,30.0,deterministic
20260912_204519_132_network_old_gaussian_meter_env2025_traffic2025_856707b5,47,81,53,53,0,43,4,1745.8830714595642,1752.2072547325188,-6.324183272954542,6.324183272954542,30.0,deterministic
20260912_204519_132_network_old_gaussian_meter_env2025_traffic2025_856707b5,48,75,20,15,0,44,12,1661.4565156649228,1652.4020190198862,9.05449664503658,9.05449664503658,30.0,deterministic
20260912_204519_132_network_old_gaussian_meter_env2025_traffic2025_856707b5,55,68,16,19,0,43,39,583.6107294397506,584.221148410495,-0.6104189707443766,0.6104189707443766,30.0,deterministic
20260912_204519_132_network_old_gaussian_meter_env2025_traffic2025_856707b5,63,94,16,45,2,40,38,1575.3610432118694,1577.4735046367664,-2.112461424896992,2.112461424896992,30.0,deterministic
20260912_204519_132_network_old_gaussian_meter_env2025_traffic2025_856707b5,83,99,47,43,1,11,39,1487.46120870593,1517.0702632915818,-29.609054585651847,29.609054585651847,30.0,deterministic
20260912_204519_132_network_old_gaussian_meter_env2025_traffic2025_856707b5,91,96,36,8,0,50,23,659.8859998212524,680.0026686026617,-20.11666878140932,20.11666878140932,30.0,deterministic
