global_generation,stage,stage_generation,fitness,Tdelay,Tair,ORISK,Nc,n_delay,n_battery,delta
1,stage1,1,2977943.8239676193,6358.5455218066,59009.914999400666,756.8497269423874,63,5,0,0.9999999999996875
2,stage1,2,2977943.8239388075,6358.5455218066,59009.914999400666,756.8497269423874,63,5,0,0.99999999999
3,stage1,3,2934860.3076895713,5051.008705312849,59094.301932246584,756.6654084097505,62,5,0,0.9999999999240625
4,stage1,4,2934860.306974205,5051.008705312849,59094.301932246584,756.6654084097505,62,5,0,0.99999999968
5,stage1,5,2934860.30504977,5051.008705312849,59094.301932246584,756.6654084097505,62,5,0,0.9999999990234375
6,stage1,6,2934860.3007896324,5051.008705312849,59094.301932246584,756.6654084097505,62,5,0,0.99999999757
7,stage1,7,2934860.2925175824,5051.008705312849,59094.301932246584,756.6654084097505,62,5,0,0.9999999947478125
8,stage1,8,2934860.2778979177,5051.008705312849,59094.301932246584,756.6654084097505,62,5,0,0.99999998976
9,stage1,9,2934860.2538255285,5051.008705312849,59094.301932246584,756.6654084097505,62,5,0,0.9999999815471875
10,stage1,10,2934860.216315982,5051.008705312849,59094.301932246584,756.6654084097505,62,5,0,0.99999996875
11,stage1,11,2923084.3959118975,5407.9857162766075,58858.783065854805,755.6433501375279,62,4,0,0.9999999496715625
12,stage1,12,2923084.315828314,5407.9857162766075,58858.783065854805,755.6433501375279,62,4,0,0.99999992224
13,stage1,13,2923084.2041057795,5407.9857162766075,58858.783065854805,755.6433501375279,62,4,0,0.9999998839709375
14,stage1,14,2923084.0521776937,5407.9857162766075,58858.783065854805,755.6433501375279,62,4,0,0.99999983193
15,stage1,15,2923083.8500542487,5407.9857162766075,58858.783065854805,755.6433501375279,62,4,0,0.9999997626953125
16,stage1,16,2921314.462014487,4139.671884199304,58826.438519702824,757.6201890126889,62,3,0,0.99999967232
17,stage1,17,2906344.343705803,5501.162018727467,59481.986389413396,755.3843472186225,61,3,0,0.9999995562946875
18,stage1,18,2906343.9176308177,5501.162018727467,59481.986389413396,755.3843472186225,61,3,0,0.99999940951
19,stage1,19,2906343.385588376,5501.162018727467,59481.986389413396,755.3843472186225,61,3,0,0.9999992262190625
20,stage1,20,2849356.9884653464,6398.060650364275,59283.328295742496,760.0642215959957,60,4,0,0.999999
21,stage1,21,2849356.202278599,6398.060650364275,59283.328295742496,760.0642215959957,60,4,0,0.9999987237184375
22,stage1,22,2787846.1185466247,7680.271958491135,58981.81979668965,756.0312137465544,59,5,0,0.99999838949
23,stage1,23,2787845.0026113465,7680.271958491135,58981.81979668965,756.0312137465544,59,5,0,0.9999979886428125
24,stage1,24,2738527.006624013,10337.066414084717,58928.76630968217,757.6201890126889,58,7,0,0.99999751168
25,stage1,25,2738525.4660189576,10337.066414084717,58928.76630968217,757.6201890126889,58,7,0,0.9999969482421875
26,stage1,26,2738523.6581793115,10337.066414084717,58928.76630968217,757.6201890126889,58,7,0,0.99999628707
27,stage1,27,2642076.6981805414,7875.712055032811,58885.59598158426,757.6201890126889,56,6,0,0.9999955159665626
28,stage1,28,2642074.3391968324,7875.712055032811,58885.59598158426,757.6201890126889,56,6,0,0.99999462176
29,stage1,29,2642071.618038443,7875.712055032811,58885.59598158426,757.6201890126889,56,6,0,0.9999935902659375
30,stage1,30,2642068.494515954,7875.712055032811,58885.59598158426,757.6201890126889,56,6,0,0.99999240625
31,stage1,31,2642064.92557104,7875.712055032811,58885.59598158426,757.6201890126889,56,6,0,0.9999910533903125
32,stage1,32,2642060.8651775406,7875.712055032811,58885.59598158426,757.6201890126889,56,6,0,0.99998951424
33,stage1,33,2642056.264242536,7875.712055032811,58885.59598158426,757.6201890126889,56,6,0,0.9999877701896875
34,stage1,34,2642051.070507414,7875.712055032811,58885.59598158426,757.6201890126889,56,6,0,0.99998580143
35,stage1,35,2642045.228448947,7875.712055032811,58885.59598158426,757.6201890126889,56,6,0,0.9999835869140625
36,stage1,36,2642038.67918036,7875.712055032811,58885.59598158426,757.6201890126889,56,6,0,0.99998110432
37,stage1,37,2642031.360352407,7875.712055032811,58885.59598158426,757.6201890126889,56,6,0,0.9999783300134375
38,stage1,38,2642023.206054441,7875.712055032811,58885.59598158426,757.6201890126889,56,6,0,0.99997523901
39,stage1,39,2642014.146715486,7875.712055032811,58885.59598158426,757.6201890126889,56,6,0,0.9999718049378125
40,stage1,40,2642004.1090053073,7875.712055032811,58885.59598158426,757.6201890126889,56,6,0,0.999968
41,stage1,41,2641993.0157354902,7875.712055032811,58885.59598158426,757.6201890126889,56,6,0,0.9999637949371875
42,stage1,42,2641980.785760504,7875.712055032811,58885.59598158426,757.6201890126889,56,6,0,0.99995915899
43,stage1,43,2641967.333878781,7875.712055032811,58885.59598158426,757.6201890126889,56,6,0,0.9999540598615625
44,stage1,44,2641952.5707337847,7875.712055032811,58885.59598158426,757.6201890126889,56,6,0,0.99994846368
45,stage1,45,2641936.4027150837,7875.712055032811,58885.59598158426,757.6201890126889,56,6,0,0.9999423349609375
46,stage1,46,2641918.7318594204,7875.712055032811,58885.59598158426,757.6201890126889,56,6,0,0.99993563657
47,stage1,47,2641899.4557517907,7875.712055032811,58885.59598158426,757.6201890126889,56,6,0,0.9999283296853125
48,stage1,48,2641878.4674265087,7875.712055032811,58885.59598158426,757.6201890126889,56,6,0,0.99992037376
49,stage1,49,2641855.655268283,7875.712055032811,58885.59598158426,757.6201890126889,56,6,0,0.9999117264846875
50,stage1,50,2641830.9029132873,7875.712055032811,58885.59598158426,757.6201890126889,56,6,0,0.99990234375
51,stage1,51,2641804.089150233,7875.712055032811,58885.59598158426,757.6201890126889,56,6,0,0.9998921796090625
52,stage1,52,2641775.0878214417,7875.712055032811,58885.59598158426,757.6201890126889,56,6,0,0.99988118624
53,stage1,53,2641743.767723917,7875.712055032811,58885.59598158426,757.6201890126889,56,6,0,0.9998693139084375
54,stage1,54,2641709.992510417,7875.712055032811,58885.59598158426,757.6201890126889,56,6,0,0.99985651093
55,stage1,55,2641673.6205905257,7875.712055032811,58885.59598158426,757.6201890126889,56,6,0,0.9998427236328125
56,stage1,56,2641634.5050317263,7875.712055032811,58885.59598158426,757.6201890126889,56,6,0,0.99982789632
57,stage1,57,2641592.493460473,7875.712055032811,58885.59598158426,757.6201890126889,56,6,0,0.9998119712321875
58,stage1,58,2641547.427963264,7875.712055032811,58885.59598158426,757.6201890126889,56,6,0,0.99979488851
59,stage1,59,2641499.1449877108,7875.712055032811,58885.59598158426,757.6201890126889,56,6,0,0.9997765861565625
60,stage1,60,2641447.4752436127,7875.712055032811,58885.59598158426,757.6201890126889,56,6,0,0.999757
61,stage1,61,2592853.1919456003,8147.337046511728,58852.520524745625,757.6201890126889,55,6,0,0.9997360636559375
62,stage1,62,2592795.3029996646,8147.337046511728,58852.520524745625,757.6201890126889,55,6,0,0.99971370849
63,stage1,63,2592733.5563460463,8147.337046511728,58852.520524745625,757.6201890126889,55,6,0,0.9996898635803125
64,stage1,64,2592667.762311162,8147.337046511728,58852.520524745625,757.6201890126889,55,6,0,0.99966445568
65,stage1,65,2592597.7251037126,8147.337046511728,58852.520524745625,757.6201890126889,55,6,0,0.9996374091796875
66,stage1,66,2592523.24271757,8147.337046511728,58852.520524745625,757.6201890126889,55,6,0,0.99960864607
67,stage1,67,2592444.1068346747,8147.337046511728,58852.520524745625,757.6201890126889,55,6,0,0.9995780859040625
68,stage1,68,2592360.1027279273,8147.337046511728,58852.520524745625,757.6201890126889,55,6,0,0.99954564576
69,stage1,69,2592271.009164082,8147.337046511728,58852.520524745625,757.6201890126889,55,6,0,0.9995112402034375
70,stage1,70,2592176.59830664,8147.337046511728,58852.520524745625,757.6201890126889,55,6,0,0.99947478125
71,stage1,71,2592076.6356187444,8147.337046511728,58852.520524745625,757.6201890126889,55,6,0,0.9994361783278125
72,stage1,72,2591970.8797660707,8147.337046511728,58852.520524745625,757.6201890126889,55,6,0,0.99939533824
73,stage1,73,2591859.082519722,8147.337046511728,58852.520524745625,757.6201890126889,55,6,0,0.9993521651271875
74,stage1,74,2591740.9886591234,8147.337046511728,58852.520524745625,757.6201890126889,55,6,0,0.99930656043
75,stage1,75,2591616.3358749114,8147.337046511728,58852.520524745625,757.6201890126889,55,6,0,0.9992584228515625
76,stage1,76,2591484.854671831,8147.337046511728,58852.520524745625,757.6201890126889,55,6,0,0.99920764832
77,stage1,77,2591346.268271629,8147.337046511728,58852.520524745625,757.6201890126889,55,6,0,0.9991541299509376
78,stage1,78,2591200.2925159424,8147.337046511728,58852.520524745625,757.6201890126889,55,6,0,0.99909775801
79,stage1,79,2591046.6357692,8147.337046511728,58852.520524745625,757.6201890126889,55,6,0,0.9990384198753125
80,stage1,80,2590884.998821509,8147.337046511728,58852.520524745625,757.6201890126889,55,6,0,0.998976
81,stage1,81,2590715.0747915497,8147.337046511728,58852.520524745625,757.6201890126889,55,6,0,0.9989103798746874
82,stage1,82,2590536.5490294727,8147.337046511728,58852.520524745625,757.6201890126889,55,6,0,0.99884143799
83,stage1,83,2590349.0990197845,8147.337046511728,58852.520524745625,757.6201890126889,55,6,0,0.9987690497990624
84,stage1,84,2590152.3942842507,8147.337046511728,58852.520524745625,757.6201890126889,55,6,0,0.99869308768
85,stage1,85,2589946.096284781,8147.337046511728,58852.520524745625,757.6201890126889,55,6,0,0.9986134208984375
86,stage1,86,2589729.858326325,8147.337046511728,58852.520524745625,757.6201890126889,55,6,0,0.99852991557
87,stage1,87,2589503.325459771,8147.337046511728,58852.520524745625,757.6201890126889,55,6,0,0.9984424346228125
88,stage1,88,2586799.1068183505,9487.489796799775,58794.89926746369,757.6201890126889,55,6,0,0.99835083776
89,stage1,89,2495969.2962239035,8376.146518638998,58877.05462365081,757.6201890126889,53,5,0,0.9982549814221875
90,stage1,90,2495719.0017808345,8376.146518638998,58877.05462365081,757.6201890126889,53,5,0,0.99815471875
91,stage1,91,2495457.332471859,8376.146518638998,58877.05462365081,757.6201890126889,53,5,0,0.9980498995465625
92,stage1,92,2495183.904922128,8376.146518638998,58877.05462365081,757.6201890126889,53,5,0,0.99794037024
93,stage1,93,2494898.3272378687,8376.146518638998,58877.05462365081,757.6201890126889,53,5,0,0.9978259738459375
94,stage1,94,2494600.1989127747,8376.146518638998,58877.05462365081,757.6201890126889,53,5,0,0.99770654993
95,stage1,95,2494289.11073439,8376.146518638998,58877.05462365081,757.6201890126889,53,5,0,0.9975819345703125
96,stage1,96,2490274.64368297,8266.42787998091,58790.036573369136,757.6201890126889,53,5,0,0.99745196032
97,stage1,97,2489936.872819375,8266.42787998091,58790.036573369136,757.6201890126889,53,5,0,0.9973164561696874
98,stage1,98,2489584.882339233,8266.42787998091,58790.036573369136,757.6201890126889,53,5,0,0.99717524751
99,stage1,99,2489218.2279269947,8266.42787998091,58790.036573369136,757.6201890126889,53,5,0,0.9970281560940625
100,stage1,100,2488836.4561064485,8266.42787998091,58790.036573369136,757.6201890126889,53,5,0,0.996875
101,stage1,101,2488439.104147243,8266.42787998091,58790.036573369136,757.6201890126889,53,5,0,0.9967155935934375
102,stage1,102,2487276.5786504163,6519.138645143029,58776.757433817744,757.6201890126889,53,4,0,0.99654974749
103,stage1,103,2486846.737850683,6519.138645143029,58776.757433817744,757.6201890126889,53,4,0,0.9963772685178125
104,stage1,104,2486399.876107091,6519.138645143029,58776.757433817744,757.6201890126889,53,4,0,0.99619795968
105,stage1,105,2484112.2025849717,6679.2719041522,58733.444797484895,757.6201890126889,53,4,0,0.9960116201171875
106,stage1,106,2483630.1430206094,6679.2719041522,58733.444797484895,757.6201890126889,53,4,0,0.99581804507
107,stage1,107,2483129.545226127,6679.2719041522,58733.444797484895,757.6201890126889,53,4,0,0.9956170258415625
108,stage1,108,2482609.879585166,6679.2719041522,58733.444797484895,757.6201890126889,53,4,0,0.99540834976
109,stage1,109,2482070.606489048,6679.2719041522,58733.444797484895,757.6201890126889,53,4,0,0.9951918001409374
110,stage1,110,2477839.3138323063,9022.432853679113,58639.00017463869,757.6201890126889,53,6,0,0.99496715625
111,stage1,111,2477260.099452716,9022.432853679113,58639.00017463869,757.6201890126889,53,6,0,0.9947341932653125
112,stage1,112,2476659.6321343635,9022.432853679113,58639.00017463869,757.6201890126889,53,6,0,0.99449268224
113,stage1,113,2476037.332298901,9022.432853679113,58639.00017463869,757.6201890126889,53,6,0,0.9942423900646875
114,stage1,114,2475392.609925545,9022.432853679113,58639.00017463869,757.6201890126889,53,6,0,0.99398307943
115,stage1,115,2474724.8644578457,9022.432853679113,58639.00017463869,757.6201890126889,53,6,0,0.9937145087890625
116,stage1,116,2474033.4847104456,9022.432853679113,58639.00017463869,757.6201890126889,53,6,0,0.99343643232
117,stage1,117,2473317.8487758483,9022.432853679113,58639.00017463869,757.6201890126889,53,6,0,0.9931485998884375
118,stage1,118,2472577.323931178,9022.432853679113,58639.00017463869,757.6201890126889,53,6,0,0.99285075701
119,stage1,119,2471811.2665449474,9022.432853679113,58639.00017463869,757.6201890126889,53,6,0,0.9925426448128125
120,stage1,120,2471019.021983819,9022.432853679113,58639.00017463869,757.6201890126889,53,6,0,0.992224
121,stage1,121,2470199.9245193703,9022.432853679113,58639.00017463869,757.6201890126889,53,6,0,0.9918945548121875
122,stage1,122,2469353.2972348584,9022.432853679113,58639.00017463869,757.6201890126889,53,6,0,0.99155403699
123,stage1,123,2468478.4519319814,9022.432853679113,58639.00017463869,757.6201890126889,53,6,0,0.9912021697365625
124,stage1,124,2467574.689037646,9022.432853679113,58639.00017463869,757.6201890126889,53,6,0,0.99083867168
125,stage1,125,2466641.297510729,9022.432853679113,58639.00017463869,757.6201890126889,53,6,0,0.9904632568359375
126,stage1,126,2465677.554748841,9022.432853679113,58639.00017463869,757.6201890126889,53,6,0,0.99007563457
127,stage1,127,2464682.726495092,9022.432853679113,58639.00017463869,757.6201890126889,53,6,0,0.9896755095603125
128,stage1,128,2463656.066744855,9022.432853679113,58639.00017463869,757.6201890126889,53,6,0,0.98926258176
129,stage1,129,2462596.8176525305,9022.432853679113,58639.00017463869,757.6201890126889,53,6,0,0.9888365463596875
130,stage1,130,2461504.2094383067,9022.432853679113,58639.00017463869,757.6201890126889,53,6,0,0.98839709375
131,stage1,131,2460377.4602949303,9022.432853679113,58639.00017463869,757.6201890126889,53,6,0,0.9879439094840625
132,stage1,132,2459215.7762944633,9022.432853679113,58639.00017463869,757.6201890126889,53,6,0,0.98747667424
133,stage1,133,2458018.351295053,9022.432853679113,58639.00017463869,757.6201890126889,53,6,0,0.9869950637834375
134,stage1,134,2456784.3668476916,9022.432853679113,58639.00017463869,757.6201890126889,53,6,0,0.98649874893
135,stage1,135,2455512.992102982,9022.432853679113,58639.00017463869,757.6201890126889,53,6,0,0.9859873955078124
136,stage1,136,2453912.3379208455,9796.992299801052,58631.11717379511,757.6201890126889,53,6,0,0.98546066432
137,stage1,137,2452563.8212746605,9796.992299801052,58631.11717379511,757.6201890126889,53,6,0,0.9849182111071875
138,stage1,138,2451175.35181993,9796.992299801052,58631.11717379511,757.6201890126889,53,6,0,0.98435968651
139,stage1,139,2449746.0482918248,9796.992299801052,58631.11717379511,757.6201890126889,53,6,0,0.9837847360315625
140,stage1,140,2448275.016560679,9796.992299801052,58631.11717379511,757.6201890126889,53,6,0,0.983193
141,stage1,141,2403544.1570206075,8459.11403860588,58700.455480976605,757.6201890126889,52,7,0,0.9825841135309376
142,stage1,142,2402014.509270035,8459.11403860588,58700.455480976605,757.6201890126889,52,7,0,0.98195770649
143,stage1,143,2400441.1605953113,8459.11403860588,58700.455480976605,757.6201890126889,52,7,0,0.9813134034553125
144,stage1,144,2398823.181235813,8459.11403860588,58700.455480976605,757.6201890126889,52,7,0,0.98065082368
145,stage1,145,2397159.6283360184,8459.11403860588,58700.455480976605,757.6201890126889,52,7,0,0.9799695810546875
146,stage1,146,2395449.5458539375,8459.11403860588,58700.455480976605,757.6201890126889,52,7,0,0.97926928407
147,stage1,147,2393691.9644695343,8459.11403860588,58700.455480976605,757.6201890126889,52,7,0,0.9785495357790625
148,stage1,148,2391885.9014931596,8459.11403860588,58700.455480976605,757.6201890126889,52,7,0,0.97780993376
149,stage1,149,2390030.3607739755,8459.11403860588,58700.455480976605,757.6201890126889,52,7,0,0.9770500700784375
150,stage1,150,2386791.6708273706,8462.138224403174,58667.678284605834,757.6201890126889,52,7,0,0.97626953125
151,stage1,151,2384835.2249192386,8462.138224403174,58667.678284605834,757.6201890126889,52,7,0,0.9754678982028125
152,stage1,152,2382826.2604746395,8462.138224403174,58667.678284605834,757.6201890126889,52,7,0,0.97464474624
153,stage1,153,2380763.727169063,8462.138224403174,58667.678284605834,757.6201890126889,52,7,0,0.9737996450021875
154,stage1,154,2378646.5607667174,8462.138224403174,58667.678284605834,757.6201890126889,52,7,0,0.97293215843
155,stage1,155,2376473.6830290104,8462.138224403174,58667.678284605834,757.6201890126889,52,7,0,0.9720418447265625
156,stage1,156,2374244.0016230266,8462.138224403174,58667.678284605834,757.6201890126889,52,7,0,0.97112825632
157,stage1,157,2371956.4100300074,8462.138224403174,58667.678284605834,757.6201890126889,52,7,0,0.9701909398259375
158,stage1,158,2369609.7874538247,8462.138224403174,58667.678284605834,757.6201890126889,52,7,0,0.96922943601
159,stage1,159,2367202.9987294665,8462.138224403174,58667.678284605834,757.6201890126889,52,7,0,0.9682432797503124
160,stage1,160,2364734.894231508,8462.138224403174,58667.678284605834,757.6201890126889,52,7,0,0.967232
161,stage1,161,2362204.3097825963,8462.138224403174,58667.678284605834,757.6201890126889,52,7,0,0.9661951197496875
162,stage1,162,2359610.0665619243,8462.138224403174,58667.678284605834,757.6201890126889,52,7,0,0.96513215599
163,stage1,163,2356950.971013711,8462.138224403174,58667.678284605834,757.6201890126889,52,7,0,0.9640426196740625
164,stage1,164,2354225.8147556805,8462.138224403174,58667.678284605834,757.6201890126889,52,7,0,0.96292601568
165,stage1,165,2351433.374487539,8462.138224403174,58667.678284605834,757.6201890126889,52,7,0,0.9617818427734375
166,stage1,166,2348572.411899454,8462.138224403174,58667.678284605834,757.6201890126889,52,7,0,0.96060959357
167,stage1,167,2345641.673580533,8462.138224403174,58667.678284605834,757.6201890126889,52,7,0,0.9594087544978125
168,stage1,168,2342639.890927301,8462.138224403174,58667.678284605834,757.6201890126889,52,7,0,0.95817880576
169,stage1,169,2339565.7800521795,8462.138224403174,58667.678284605834,757.6201890126889,52,7,0,0.9569192212971875
170,stage1,170,2336418.041691965,8462.138224403174,58667.678284605834,757.6201890126889,52,7,0,0.95562946875
171,stage1,171,2333195.3611163083,8462.138224403174,58667.678284605834,757.6201890126889,52,7,0,0.9543090094215625
172,stage1,172,2329896.4080361896,8462.138224403174,58667.678284605834,757.6201890126889,52,7,0,0.95295729824
173,stage1,173,2326519.836512402,8462.138224403174,58667.678284605834,757.6201890126889,52,7,0,0.9515737837209375
174,stage1,174,2323064.284864025,8462.138224403174,58667.678284605834,757.6201890126889,52,7,0,0.95015790793
175,stage1,175,2319528.3755769054,8462.138224403174,58667.678284605834,757.6201890126889,52,7,0,0.9487091064453125
176,stage1,176,2315910.715212137,8462.138224403174,58667.678284605834,757.6201890126889,52,7,0,0.94722680832
177,stage1,177,2312209.894314536,8462.138224403174,58667.678284605834,757.6201890126889,52,7,0,0.9457104360446875
178,stage1,178,2308424.4873211193,8462.138224403174,58667.678284605834,757.6201890126889,52,7,0,0.94415940551
179,stage1,179,2304553.0524695893,8462.138224403174,58667.678284605834,757.6201890126889,52,7,0,0.9425731259690625
180,stage1,180,2300594.1317068026,8462.138224403174,58667.678284605834,757.6201890126889,52,7,0,0.940951
181,stage1,181,2296546.2505972553,8462.138224403174,58667.678284605834,757.6201890126889,52,7,0,0.9392924234684374
182,stage1,182,2292407.918231561,8462.138224403174,58667.678284605834,757.6201890126889,52,7,0,0.93759678549
183,stage1,183,2288177.6271349243,8462.138224403174,58667.678284605834,757.6201890126889,52,7,0,0.9358634683928125
184,stage1,184,2283853.8531756243,8462.138224403174,58667.678284605834,757.6201890126889,52,7,0,0.93409184768
185,stage1,185,2279435.055473492,8462.138224403174,58667.678284605834,757.6201890126889,52,7,0,0.9322812919921875
186,stage1,186,2274919.6763083874,8462.138224403174,58667.678284605834,757.6201890126889,52,7,0,0.93043116307
187,stage1,187,2227229.5088194287,8005.584954626733,58681.55649616897,757.6201890126889,51,7,0,0.9285408157165624
188,stage1,188,2222401.0313542485,8028.253821307416,58676.11809356249,757.6201890126889,51,7,0,0.9266095977600001
189,stage1,189,2216970.2621335243,8144.048061332915,58657.22131691456,757.6201890126889,51,7,0,0.9246368500159375
190,stage1,190,2212148.0692347996,8144.048061332915,58657.22131691456,757.6201890126889,51,7,0,0.9226219062500001
191,stage1,191,2206063.5442257514,8138.919199311998,58626.39147128875,757.6201890126889,51,7,0,0.9205640931403125
192,stage1,192,2200779.2979457243,8185.199653600722,58619.457347005045,757.6201890126889,51,7,0,0.91846273024
193,stage1,193,2195647.721793979,8185.199653600722,58619.457347005045,757.6201890126889,51,7,0,0.9163171299396875
194,stage1,194,2190331.0209437297,8217.780136312153,58617.33423457779,757.6201890126889,51,7,0,0.91412659743
195,stage1,195,2184348.0861847056,8209.45763037617,58600.30219779991,757.6201890126889,51,7,0,0.9118904306640625
196,stage1,196,2178832.8195685577,8228.448173761562,58598.71510172575,757.6201890126889,51,7,0,0.90960792032
197,stage1,197,2173212.840910253,8304.317490371172,58597.25367619254,757.6201890126889,51,7,0,0.9072783497634375
198,stage1,198,2166744.4890998867,8309.450928196951,58576.02279254202,757.6201890126889,51,7,0,0.90490099501
199,stage1,199,2160787.99367882,8308.409358876292,58571.71448174888,757.6201890126889,51,7,0,0.9024751246878124
200,stage1,200,2154856.6203262606,8307.454165083162,58571.266945855445,757.6201890126889,51,7,0,0.9
