segment_id,plan_a,plan_b,conflict_points,start_idx_a,end_idx_a,start_idx_b,end_idx_b,required_shift,cells
0,52,77,19,34,52,31,49,81.12232580895437,25:20:2;24:20:2;23:20:2;22:20:2;21:21:2;20:21:2;19:21:2;18:21:2;17:21:2;16:21:2;15:21:2;14:21:2;13:21:2;12:21:2;11:21:2;10:22:2;9:22:2;8:22:2;7:23:2
1,21,56,14,23,36,24,37,46.65734127106123,15:34:2;15:33:2;15:32:2;15:31:2;15:30:2;15:29:2;15:28:2;15:27:2;15:26:2;15:25:2;15:24:2;15:23:2;15:22:2;15:21:2
2,70,87,12,20,31,14,25,74.50640554586002,29:28:1;28:28:1;27:28:1;26:28:1;25:28:1;24:28:1;23:27:1;22:27:1;21:27:1;20:27:1;19:27:1;18:26:1
3,5,85,7,6,12,43,49,79.7016947769897,50:1:1;49:1:1;48:1:1;47:1:1;46:1:1;45:1:1;44:1:1
4,73,81,4,9,12,19,22,20.4005819187103,41:20:1;40:21:1;39:22:1;38:23:1
5,2,53,3,28,30,23,25,79.00782382601565,23:31:2;22:30:2;21:29:2
6,20,28,3,41,43,33,35,40.95645753814132,9:27:1;8:27:1;7:27:1
7,1,96,2,33,34,3,4,34.86491714903876,56:25:1;55:24:1
8,2,79,2,36,37,22,23,0.37876465494655065,15:29:2;14:29:2
9,14,39,2,10,11,19,20,23.233364582641798,46:24:1;45:25:1
10,16,89,2,30,31,20,21,81.86264913939769,34:31:1;33:32:1
11,29,73,2,16,17,5,6,66.3064424909799,45:16:1;44:17:1
12,39,73,2,9,10,3,4,5.978788354962532,47:14:1;46:15:1
13,45,77,2,21,22,24,25,61.45174310087482,31:20:1;32:21:1
14,52,77,2,55,56,52,53,85.92305922748974,4:22:2;3:22:2
15,70,87,2,35,36,29,30,82.84592410418375,14:26:1;13:26:1
16,78,97,2,3,4,3,4,28.5400107826908,49:15:1;48:15:1
17,1,85,1,58,58,55,55,112.4712844670755,56:0:1
18,2,26,1,35,35,6,6,41.72618191456013,16:29:2
19,2,61,1,6,6,31,31,1.1545828100968123,45:31:2
20,2,62,1,17,17,18,18,65.15971488285041,34:31:2
21,3,16,1,15,15,28,28,75.10304419098858,34:29:1
22,3,89,1,16,16,19,19,71.13382442097662,35:30:1
23,4,21,1,5,5,31,31,12.203225426274017,15:26:2
24,4,56,1,5,5,32,32,62.97917075312972,15:26:2
25,6,92,1,13,13,5,5,35.262518021637874,17:51:2
26,7,27,1,23,23,33,33,75.1559906757316,35:46:2
27,7,29,1,15,15,38,38,9.836097653650995,43:38:1
28,8,21,1,18,18,16,16,30.520452079057236,16:41:2
29,8,30,1,5,5,38,38,72.66799299061637,28:54:1
30,8,56,1,21,21,20,20,60.24361611948832,13:38:2
31,9,32,1,48,48,56,56,20.197281574891306,3:51:2
32,9,63,1,1,1,0,0,36.59352842291121,29:4:0
33,10,49,1,11,11,44,44,59.64976345308946,13:10:1
34,10,49,1,13,13,42,42,9.121221502406854,15:10:1
35,11,54,1,3,3,46,46,43.12785272743396,39:53:1
36,11,82,1,11,11,35,35,84.49200807959888,35:45:1
37,13,23,1,11,11,27,27,73.30723850148628,37:36:1
38,13,75,1,45,45,3,3,55.78243748339759,3:49:1
39,14,29,1,13,13,25,25,31.589021570318877,43:25:1
40,14,73,1,20,20,14,14,44.71956947515096,36:25:1
41,14,81,1,18,18,24,24,47.320824115100066,38:25:1
42,15,23,1,28,28,42,42,96.63068061707546,37:51:2
43,15,24,1,28,28,17,17,48.55777682207341,37:51:2
44,16,58,1,15,15,29,29,43.47083347209647,41:16:1
45,18,78,1,10,10,9,9,38.693639715923354,43:20:1
46,18,80,1,17,17,14,14,37.453050838742655,43:27:1
47,18,97,1,5,5,7,7,44.144178882756066,45:15:1
48,20,26,1,38,38,2,2,53.44673623986432,12:26:1
49,22,33,1,50,50,24,24,48.62599987348429,12:30:2
50,23,24,1,42,42,17,17,55.85735607564848,37:51:2
51,23,70,1,18,18,12,12,18.24557270733669,37:27:1
52,23,91,1,16,16,21,21,33.613177505370004,38:25:1
53,24,95,1,26,26,51,51,39.53967818327102,28:51:2
54,25,44,1,20,20,24,24,16.80495867043105,27:35:1
55,27,89,1,22,22,34,34,55.813444284896576,24:45:2
56,30,35,1,27,27,7,7,38.116699789507905,30:43:1
57,31,32,1,6,6,23,23,37.615845154513835,36:45:2
58,31,63,1,14,14,33,33,56.54433449814499,28:37:3
59,32,67,1,8,8,25,25,36.13410475161369,51:34:1
60,33,48,1,35,35,10,10,64.02198286291272,11:19:2
61,34,86,1,4,4,36,36,54.69898144400746,13:48:1
62,35,95,1,9,9,41,41,27.119766921531948,28:41:2
63,36,94,1,16,16,19,19,71.80453499533165,37:19:2
64,36,95,1,25,25,19,19,51.78979537365079,28:19:2
65,37,44,1,3,3,12,12,40.92050094899484,27:47:1
66,38,40,1,21,21,20,20,67.65141175916959,33:31:2
67,38,65,1,20,20,21,21,39.058703505039716,32:30:2
68,39,81,1,30,30,34,34,90.39410983595941,37:35:1
69,40,65,1,21,21,23,23,57.22516171525983,32:32:2
70,43,44,1,16,16,29,29,41.739334909529234,27:30:1
71,45,60,1,55,55,26,26,88.59041073254413,58:31:1
72,45,67,1,48,48,28,28,64.57292721525965,51:31:1
73,46,47,1,18,18,12,12,38.03608987860781,13:36:2
74,49,65,1,16,16,7,7,66.54826020758921,41:16:1
75,49,69,1,10,10,11,11,21.6004469470644,47:20:1
76,49,84,1,6,6,28,28,30.741083865851508,51:24:1
77,49,92,1,24,24,45,45,64.46143615418183,33:11:1
78,53,66,1,4,4,48,48,51.93289546722407,37:50:1
79,55,65,1,1,1,0,0,47.35457993181882,46:9:0
80,61,88,1,54,54,45,45,90.3632628956128,45:54:2
81,65,76,1,19,19,10,10,12.150786544163594,32:28:2
82,66,76,1,22,22,6,6,11.98149153687207,36:24:1
83,66,77,1,19,19,20,20,29.047892338012232,36:21:1
84,68,74,1,44,44,11,11,2.824328986767597,11:35:2
85,69,92,1,26,26,31,31,59.67445153037326,32:25:1
86,70,88,1,39,39,10,10,7.156453373955145,10:28:1
87,70,91,1,10,10,22,22,56.99029271162816,39:26:1
88,76,77,1,2,2,16,16,42.319097269537764,40:20:1
89,77,84,1,3,3,38,38,22.83278669325405,53:14:1
90,78,80,1,14,14,19,19,51.44414024471084,38:22:1
91,78,86,1,25,25,11,11,17.239556212007358,27:23:1
92,81,93,1,20,20,37,37,34.419482074501175,40:21:1
93,82,87,1,6,6,37,37,29.605488825026768,6:26:1
94,87,88,1,35,35,8,8,50.37355796904902,8:26:1
