action_type,plan_id,old_pairs,new_pairs,old_points,new_points,accepted,rollback,runtime_ms,reason,old_target_points,new_target_points,new_pairs_created_by_action,stage,iter,segment_idx,pair,segment_points,conflict_class,matched_strategy,candidate_rank,prob_delay,prob_speed,prob_reroute,source,prob_delay_after,prob_speed_after,prob_reroute_after,round,unit_id,plan_a,plan_b,strategy,actor_flight,old_global_points,new_global_points,old_global_pairs,new_global_pairs
speed,2,47,46,54,50,True,False,7.982099999935599,pairs_decreased,4,0,0,stage2_independent_matching,0,0,2-59,4,cluster,speed,0,0.5,0.3,0.2,ADM_ref6_independent_matching,0.25,0.65,0.1,0,0,2,59,speed,2,54,50,47,46
cruise_level,27,46,46,50,55,False,True,20.08830000022499,rollback,2,7,0,stage2_independent_matching,1,0,27-54,2,crossing,reroute,0,0.25,0.6,0.15,ADM_ref6_independent_matching,,,,1,0,27,54,reroute,27,50,55,46,46
cruise_level,27,46,46,50,49,False,True,7.711899999776506,rollback,2,1,0,stage2_independent_matching,1,0,27-54,2,crossing,reroute,1,0.25,0.6,0.15,ADM_ref6_independent_matching,,,,1,0,27,54,reroute,27,50,49,46,46
cruise_level,27,46,46,50,49,False,True,7.475000000340515,rollback,2,1,0,stage2_independent_matching,1,0,27-54,2,crossing,reroute,2,0.25,0.6,0.15,ADM_ref6_independent_matching,,,,1,0,27,54,reroute,27,50,49,46,46
cruise_level,54,46,45,50,48,True,False,8.480299999973795,pairs_decreased,2,0,0,stage2_independent_matching,1,0,27-54,2,crossing,reroute,3,0.25,0.6,0.15,ADM_ref6_independent_matching,0.125,0.3,0.575,1,0,27,54,reroute,54,50,48,46,45
speed,37,45,45,48,49,False,True,7.934400000067399,rollback,2,2,0,stage2_independent_matching,2,0,37-76,2,crossing,speed,0,0.125,0.3,0.575,ADM_ref6_independent_matching,,,,2,0,37,76,speed,37,48,49,45,45
speed,76,45,44,48,46,True,False,8.118000000195025,pairs_decreased,2,0,0,stage2_independent_matching,2,0,37-76,2,crossing,speed,1,0.125,0.3,0.575,ADM_ref6_independent_matching,0.0625,0.65,0.2875,2,0,37,76,speed,76,48,46,45,44
speed,42,44,43,46,44,True,False,7.87590000027194,pairs_decreased,2,0,0,stage2_independent_matching,3,0,42-78,2,cluster,speed,0,0.25,0.65,0.1,ADM_ref6_independent_matching,0.125,0.825,0.05,3,0,42,78,speed,42,46,44,44,43
cruise_level,55,43,42,44,42,True,False,8.118300000205636,pairs_decreased,2,0,0,stage2_independent_matching,4,0,55-77,2,head_to_head,reroute,0,0.15,0.15,0.7,ADM_ref6_independent_matching,0.075,0.075,0.85,4,0,55,77,reroute,55,44,42,43,42
cruise_level,3,42,42,42,42,False,True,7.864100000006147,rollback,1,0,1,stage2_independent_matching,5,0,3-65,1,head_to_head,reroute,0,0.075,0.075,0.85,ADM_ref6_independent_matching,,,,5,0,3,65,reroute,3,42,42,42,42
cruise_level,3,42,41,42,41,True,False,7.4773999999706575,pairs_decreased,1,0,0,stage2_independent_matching,5,0,3-65,1,head_to_head,reroute,1,0.075,0.075,0.85,ADM_ref6_independent_matching,0.0375,0.0375,0.925,5,0,3,65,reroute,3,42,41,42,41
cruise_level,6,41,39,41,39,True,False,7.831200000055105,pairs_decreased,1,0,0,stage2_independent_matching,6,0,6-11,1,crossing,reroute,0,0.0625,0.65,0.2875,ADM_ref6_independent_matching,0.03125,0.325,0.64375,6,0,6,11,reroute,6,41,39,41,39
speed,9,39,39,39,39,False,True,7.846100000278966,rollback,1,1,0,stage2_independent_matching,7,0,9-12,1,crossing,speed,0,0.03125,0.325,0.64375,ADM_ref6_independent_matching,,,,7,0,9,12,speed,9,39,39,39,39
speed,12,39,39,39,39,False,True,8.448399999906542,rollback,1,1,0,stage2_independent_matching,7,0,9-12,1,crossing,speed,1,0.03125,0.325,0.64375,ADM_ref6_independent_matching,,,,7,0,9,12,speed,12,39,39,39,39
speed,9,39,39,39,39,False,True,8.05579999996553,rollback,1,1,0,stage2_independent_matching,7,0,9-12,1,crossing,speed,2,0.03125,0.325,0.64375,ADM_ref6_independent_matching,,,,7,0,9,12,speed,9,39,39,39,39
speed,12,39,39,39,39,False,True,8.142499999848951,rollback,1,1,0,stage2_independent_matching,7,0,9-12,1,crossing,speed,3,0.03125,0.325,0.64375,ADM_ref6_independent_matching,,,,7,0,9,12,speed,12,39,39,39,39
speed,9,39,39,39,39,False,True,21.94869999993898,rollback,1,1,0,stage2_independent_matching,7,0,9-12,1,crossing,speed,4,0.03125,0.325,0.64375,ADM_ref6_independent_matching,,,,7,0,9,12,speed,9,39,39,39,39
speed,12,39,40,39,40,False,True,8.034099999804312,rollback,1,1,1,stage2_independent_matching,7,0,9-12,1,crossing,speed,5,0.03125,0.325,0.64375,ADM_ref6_independent_matching,,,,7,0,9,12,speed,12,39,40,39,40
speed,9,39,39,39,39,False,True,7.9519999999320135,rollback,1,1,0,stage2_independent_matching,7,0,9-12,1,crossing,speed,6,0.03125,0.325,0.64375,ADM_ref6_independent_matching,,,,7,0,9,12,speed,9,39,39,39,39
speed,12,39,41,39,41,False,True,8.216100000026927,rollback,1,1,2,stage2_independent_matching,7,0,9-12,1,crossing,speed,7,0.03125,0.325,0.64375,ADM_ref6_independent_matching,,,,7,0,9,12,speed,12,39,41,39,41
speed,9,39,40,39,40,False,True,8.075400000052468,rollback,1,1,1,stage2_independent_matching,7,0,9-12,1,crossing,speed,8,0.03125,0.325,0.64375,ADM_ref6_independent_matching,,,,7,0,9,12,speed,9,39,40,39,40
speed,12,39,41,39,41,False,True,7.883100000071863,rollback,1,1,2,stage2_independent_matching,7,0,9-12,1,crossing,speed,9,0.03125,0.325,0.64375,ADM_ref6_independent_matching,,,,7,0,9,12,speed,12,39,41,39,41
cruise_level,9,39,38,39,38,True,False,8.26920000008613,pairs_decreased,1,0,0,stage2_independent_matching,7,0,9-12,1,crossing,reroute,0,0.03125,0.325,0.64375,ADM_ref6_independent_matching,0.015625,0.1625,0.821875,7,0,9,12,reroute,9,39,38,39,38
speed,13,38,38,38,41,False,True,8.00840000010794,rollback,1,0,2,stage2_independent_matching,8,0,13-45,1,cluster,speed,0,0.125,0.825,0.05,ADM_ref6_independent_matching,,,,8,0,13,45,speed,13,38,41,38,38
speed,45,38,38,38,38,False,True,7.821400000011636,rollback,1,1,0,stage2_independent_matching,8,0,13-45,1,cluster,speed,1,0.125,0.825,0.05,ADM_ref6_independent_matching,,,,8,0,13,45,speed,45,38,38,38,38
speed,13,38,38,38,40,False,True,7.791600000018661,rollback,1,0,1,stage2_independent_matching,8,0,13-45,1,cluster,speed,2,0.125,0.825,0.05,ADM_ref6_independent_matching,,,,8,0,13,45,speed,13,38,40,38,38
speed,45,38,38,38,38,False,True,7.809700000052544,rollback,1,1,0,stage2_independent_matching,8,0,13-45,1,cluster,speed,3,0.125,0.825,0.05,ADM_ref6_independent_matching,,,,8,0,13,45,speed,45,38,38,38,38
speed,13,38,38,38,38,False,True,7.714400000168098,rollback,1,1,0,stage2_independent_matching,8,0,13-45,1,cluster,speed,4,0.125,0.825,0.05,ADM_ref6_independent_matching,,,,8,0,13,45,speed,13,38,38,38,38
speed,45,38,37,38,37,True,False,7.82759999992777,pairs_decreased,1,0,0,stage2_independent_matching,8,0,13-45,1,cluster,speed,5,0.125,0.825,0.05,ADM_ref6_independent_matching,0.0625,0.9125,0.025,8,0,13,45,speed,45,38,37,38,37
cruise_level,13,37,37,37,40,False,True,13.421999999991385,rollback,1,4,0,stage2_independent_matching,9,0,13-59,1,crossing,reroute,0,0.015625,0.1625,0.821875,ADM_ref6_independent_matching,,,,9,0,13,59,reroute,13,37,40,37,37
cruise_level,13,37,36,37,36,True,False,18.09189999994487,pairs_decreased,1,0,0,stage2_independent_matching,9,0,13-59,1,crossing,reroute,1,0.015625,0.1625,0.821875,ADM_ref6_independent_matching,0.0078125,0.08125,0.9109375,9,0,13,59,reroute,13,37,36,37,36
cruise_level,14,36,34,36,34,True,False,7.655899999917892,pairs_decreased,1,0,0,stage2_independent_matching,10,0,14-40,1,crossing,reroute,0,0.0078125,0.08125,0.9109375,ADM_ref6_independent_matching,0.00390625,0.040625,0.95546875,10,0,14,40,reroute,14,36,34,36,34
cruise_level,15,34,33,34,33,True,False,7.868500000313361,pairs_decreased,1,0,1,stage2_independent_matching,11,0,15-67,1,crossing,reroute,0,0.00390625,0.040625,0.95546875,ADM_ref6_independent_matching,0.001953125,0.0203125,0.977734375,11,0,15,67,reroute,15,34,33,34,33
cruise_level,15,33,32,33,32,True,False,7.997300000170071,pairs_decreased,1,0,0,stage2_independent_matching,12,0,15-75,1,crossing,reroute,0,0.001953125,0.0203125,0.977734375,ADM_ref6_independent_matching,0.0009765625,0.01015625,0.9888671875,12,0,15,75,reroute,15,33,32,33,32
cruise_level,16,32,31,32,31,True,False,7.669999999961874,pairs_decreased,1,0,0,stage2_independent_matching,13,0,16-37,1,head_to_head,reroute,0,0.0375,0.0375,0.925,ADM_ref6_independent_matching,0.01875,0.01875,0.9625,13,0,16,37,reroute,16,32,31,32,31
cruise_level,19,31,30,31,30,True,False,7.715700000062498,pairs_decreased,1,0,0,stage2_independent_matching,14,0,19-71,1,crossing,reroute,0,0.0009765625,0.01015625,0.9888671875,ADM_ref6_independent_matching,0.00048828125,0.005078125,0.99443359375,14,0,19,71,reroute,19,31,30,31,30
cruise_level,22,30,28,30,28,True,False,7.933099999718252,pairs_decreased,1,0,0,stage2_independent_matching,15,0,22-32,1,crossing,reroute,0,0.00048828125,0.005078125,0.99443359375,ADM_ref6_independent_matching,0.000244140625,0.0025390625,0.997216796875,15,0,22,32,reroute,22,30,28,30,28
speed,23,28,28,28,28,False,True,7.821300000159681,rollback,1,0,1,stage2_independent_matching,16,0,23-35,1,head_to_head,speed,0,0.01875,0.01875,0.9625,ADM_ref6_independent_matching,,,,16,0,23,35,speed,23,28,28,28,28
speed,35,28,29,28,29,False,True,7.897800000137067,rollback,1,1,2,stage2_independent_matching,16,0,23-35,1,head_to_head,speed,1,0.01875,0.01875,0.9625,ADM_ref6_independent_matching,,,,16,0,23,35,speed,35,28,29,28,29
speed,23,28,29,28,29,False,True,7.954200000312994,rollback,1,1,1,stage2_independent_matching,16,0,23-35,1,head_to_head,speed,2,0.01875,0.01875,0.9625,ADM_ref6_independent_matching,,,,16,0,23,35,speed,23,28,29,28,29
speed,35,28,28,28,28,False,True,9.562199999891163,rollback,1,1,1,stage2_independent_matching,16,0,23-35,1,head_to_head,speed,3,0.01875,0.01875,0.9625,ADM_ref6_independent_matching,,,,16,0,23,35,speed,35,28,28,28,28
speed,23,28,29,28,29,False,True,19.61909999999989,rollback,1,1,1,stage2_independent_matching,16,0,23-35,1,head_to_head,speed,4,0.01875,0.01875,0.9625,ADM_ref6_independent_matching,,,,16,0,23,35,speed,23,28,29,28,29
speed,35,28,28,28,29,False,True,7.989400000042224,rollback,1,1,0,stage2_independent_matching,16,0,23-35,1,head_to_head,speed,5,0.01875,0.01875,0.9625,ADM_ref6_independent_matching,,,,16,0,23,35,speed,35,28,29,28,28
speed,23,28,29,28,29,False,True,7.945599999857222,rollback,1,1,1,stage2_independent_matching,16,0,23-35,1,head_to_head,speed,6,0.01875,0.01875,0.9625,ADM_ref6_independent_matching,,,,16,0,23,35,speed,23,28,29,28,29
speed,35,28,27,28,28,True,False,7.814499999767577,pairs_decreased,1,1,0,stage2_independent_matching,16,0,23-35,1,head_to_head,speed,7,0.01875,0.01875,0.9625,ADM_ref6_independent_matching,0.009375,0.509375,0.48125,16,0,23,35,speed,35,28,28,28,27
cruise_level,35,27,26,28,26,True,False,8.648900000025606,pairs_decreased,2,0,0,stage2_independent_matching,17,0,35-67,2,head_to_head,reroute,0,0.009375,0.509375,0.48125,ADM_ref6_independent_matching,0.0046875,0.2546875,0.740625,17,0,35,67,reroute,35,28,26,27,26
speed,23,26,26,26,26,False,True,7.93820000035339,rollback,1,0,1,stage2_independent_matching,18,0,23-35,1,head_to_head,speed,0,0.0046875,0.2546875,0.740625,ADM_ref6_independent_matching,,,,18,0,23,35,speed,23,26,26,26,26
speed,35,26,26,26,26,False,True,8.136199999626115,rollback,1,1,0,stage2_independent_matching,18,0,23-35,1,head_to_head,speed,1,0.0046875,0.2546875,0.740625,ADM_ref6_independent_matching,,,,18,0,23,35,speed,35,26,26,26,26
speed,23,26,27,26,27,False,True,7.794600000124774,rollback,1,1,1,stage2_independent_matching,18,0,23-35,1,head_to_head,speed,2,0.0046875,0.2546875,0.740625,ADM_ref6_independent_matching,,,,18,0,23,35,speed,23,26,27,26,27
speed,35,26,26,26,26,False,True,8.130700000037905,rollback,1,1,0,stage2_independent_matching,18,0,23-35,1,head_to_head,speed,3,0.0046875,0.2546875,0.740625,ADM_ref6_independent_matching,,,,18,0,23,35,speed,35,26,26,26,26
speed,23,26,27,26,27,False,True,7.83980000005613,rollback,1,1,1,stage2_independent_matching,18,0,23-35,1,head_to_head,speed,4,0.0046875,0.2546875,0.740625,ADM_ref6_independent_matching,,,,18,0,23,35,speed,23,26,27,26,27
speed,35,26,26,26,26,True,False,7.871000000250206,soft_decreased,1,1,0,stage2_independent_matching,18,0,23-35,1,head_to_head,speed,5,0.0046875,0.2546875,0.740625,ADM_ref6_independent_matching,0.00234375,0.62734375,0.3703125,18,0,23,35,speed,35,26,26,26,26
speed,23,26,26,26,26,False,True,7.962800000314019,rollback,1,0,1,stage2_independent_matching,19,0,23-35,1,head_to_head,speed,0,0.00234375,0.62734375,0.3703125,ADM_ref6_independent_matching,,,,19,0,23,35,speed,23,26,26,26,26
speed,35,26,26,26,26,False,True,9.385800000018207,rollback,1,1,0,stage2_independent_matching,19,0,23-35,1,head_to_head,speed,1,0.00234375,0.62734375,0.3703125,ADM_ref6_independent_matching,,,,19,0,23,35,speed,35,26,26,26,26
speed,23,26,27,26,27,False,True,19.721199999821692,rollback,1,1,1,stage2_independent_matching,19,0,23-35,1,head_to_head,speed,2,0.00234375,0.62734375,0.3703125,ADM_ref6_independent_matching,,,,19,0,23,35,speed,23,26,27,26,27
speed,35,26,26,26,26,False,True,7.90740000002188,rollback,1,1,0,stage2_independent_matching,19,0,23-35,1,head_to_head,speed,3,0.00234375,0.62734375,0.3703125,ADM_ref6_independent_matching,,,,19,0,23,35,speed,35,26,26,26,26
speed,23,26,27,26,27,False,True,7.860499999878812,rollback,1,1,1,stage2_independent_matching,19,0,23-35,1,head_to_head,speed,4,0.00234375,0.62734375,0.3703125,ADM_ref6_independent_matching,,,,19,0,23,35,speed,23,26,27,26,27
speed,35,26,26,26,26,True,False,8.00840000010794,soft_decreased,1,1,0,stage2_independent_matching,19,0,23-35,1,head_to_head,speed,5,0.00234375,0.62734375,0.3703125,ADM_ref6_independent_matching,0.001171875,0.813671875,0.18515625,19,0,23,35,speed,35,26,26,26,26
speed,23,26,26,26,26,False,True,7.830399999875226,rollback,1,0,1,stage2_independent_matching,20,0,23-35,1,head_to_head,speed,0,0.001171875,0.813671875,0.18515625,ADM_ref6_independent_matching,,,,20,0,23,35,speed,23,26,26,26,26
speed,35,26,26,26,26,False,True,8.362699999906908,rollback,1,1,0,stage2_independent_matching,20,0,23-35,1,head_to_head,speed,1,0.001171875,0.813671875,0.18515625,ADM_ref6_independent_matching,,,,20,0,23,35,speed,35,26,26,26,26
speed,23,26,27,26,27,False,True,8.229999999912252,rollback,1,1,1,stage2_independent_matching,20,0,23-35,1,head_to_head,speed,2,0.001171875,0.813671875,0.18515625,ADM_ref6_independent_matching,,,,20,0,23,35,speed,23,26,27,26,27
speed,35,26,26,26,26,False,True,7.982600000104867,rollback,1,1,0,stage2_independent_matching,20,0,23-35,1,head_to_head,speed,3,0.001171875,0.813671875,0.18515625,ADM_ref6_independent_matching,,,,20,0,23,35,speed,35,26,26,26,26
speed,23,26,27,26,27,False,True,7.932400000299822,rollback,1,1,1,stage2_independent_matching,20,0,23-35,1,head_to_head,speed,4,0.001171875,0.813671875,0.18515625,ADM_ref6_independent_matching,,,,20,0,23,35,speed,23,26,27,26,27
speed,35,26,26,26,26,True,False,7.8536000000895,soft_decreased,1,1,0,stage2_independent_matching,20,0,23-35,1,head_to_head,speed,5,0.001171875,0.813671875,0.18515625,ADM_ref6_independent_matching,0.0005859375,0.9068359375,0.092578125,20,0,23,35,speed,35,26,26,26,26
speed,23,26,26,26,26,False,True,8.24560000000929,rollback,1,0,1,stage2_independent_matching,21,0,23-35,1,head_to_head,speed,0,0.0005859375,0.9068359375,0.092578125,ADM_ref6_independent_matching,,,,21,0,23,35,speed,23,26,26,26,26
speed,35,26,26,26,26,False,True,8.162999999967724,rollback,1,1,0,stage2_independent_matching,21,0,23-35,1,head_to_head,speed,1,0.0005859375,0.9068359375,0.092578125,ADM_ref6_independent_matching,,,,21,0,23,35,speed,35,26,26,26,26
speed,23,26,27,26,27,False,True,8.247100000062346,rollback,1,1,1,stage2_independent_matching,21,0,23-35,1,head_to_head,speed,2,0.0005859375,0.9068359375,0.092578125,ADM_ref6_independent_matching,,,,21,0,23,35,speed,23,26,27,26,27
speed,35,26,26,26,26,False,True,10.022599999956583,rollback,1,1,0,stage2_independent_matching,21,0,23-35,1,head_to_head,speed,3,0.0005859375,0.9068359375,0.092578125,ADM_ref6_independent_matching,,,,21,0,23,35,speed,35,26,26,26,26
speed,23,26,27,26,27,False,True,19.234099999721366,rollback,1,1,1,stage2_independent_matching,21,0,23-35,1,head_to_head,speed,4,0.0005859375,0.9068359375,0.092578125,ADM_ref6_independent_matching,,,,21,0,23,35,speed,23,26,27,26,27
speed,35,26,26,26,26,True,False,7.863000000270404,soft_decreased,1,1,0,stage2_independent_matching,21,0,23-35,1,head_to_head,speed,5,0.0005859375,0.9068359375,0.092578125,ADM_ref6_independent_matching,0.00029296875,0.95341796875,0.0462890625,21,0,23,35,speed,35,26,26,26,26
speed,23,26,26,26,26,False,True,8.07570000006308,rollback,1,0,1,stage2_independent_matching,22,0,23-35,1,head_to_head,speed,0,0.00029296875,0.95341796875,0.0462890625,ADM_ref6_independent_matching,,,,22,0,23,35,speed,23,26,26,26,26
speed,35,26,26,26,26,False,True,9.201100000154838,rollback,1,1,0,stage2_independent_matching,22,0,23-35,1,head_to_head,speed,1,0.00029296875,0.95341796875,0.0462890625,ADM_ref6_independent_matching,,,,22,0,23,35,speed,35,26,26,26,26
speed,23,26,27,26,27,False,True,7.934100000056787,rollback,1,1,1,stage2_independent_matching,22,0,23-35,1,head_to_head,speed,2,0.00029296875,0.95341796875,0.0462890625,ADM_ref6_independent_matching,,,,22,0,23,35,speed,23,26,27,26,27
speed,35,26,26,26,26,False,True,7.804200000009587,rollback,1,1,0,stage2_independent_matching,22,0,23-35,1,head_to_head,speed,3,0.00029296875,0.95341796875,0.0462890625,ADM_ref6_independent_matching,,,,22,0,23,35,speed,35,26,26,26,26
speed,23,26,27,26,27,False,True,7.944200000110868,rollback,1,1,1,stage2_independent_matching,22,0,23-35,1,head_to_head,speed,4,0.00029296875,0.95341796875,0.0462890625,ADM_ref6_independent_matching,,,,22,0,23,35,speed,23,26,27,26,27
speed,35,26,26,26,26,True,False,7.869799999753013,soft_decreased,1,1,0,stage2_independent_matching,22,0,23-35,1,head_to_head,speed,5,0.00029296875,0.95341796875,0.0462890625,ADM_ref6_independent_matching,0.000146484375,0.976708984375,0.02314453125,22,0,23,35,speed,35,26,26,26,26
speed,23,26,26,26,26,False,True,8.049299999584036,rollback,1,0,1,stage2_independent_matching,23,0,23-35,1,head_to_head,speed,0,0.000146484375,0.976708984375,0.02314453125,ADM_ref6_independent_matching,,,,23,0,23,35,speed,23,26,26,26,26
speed,35,26,26,26,26,False,True,8.048600000165607,rollback,1,1,0,stage2_independent_matching,23,0,23-35,1,head_to_head,speed,1,0.000146484375,0.976708984375,0.02314453125,ADM_ref6_independent_matching,,,,23,0,23,35,speed,35,26,26,26,26
speed,23,26,27,26,27,False,True,8.00950000029843,rollback,1,1,1,stage2_independent_matching,23,0,23-35,1,head_to_head,speed,2,0.000146484375,0.976708984375,0.02314453125,ADM_ref6_independent_matching,,,,23,0,23,35,speed,23,26,27,26,27
speed,35,26,26,26,26,False,True,7.802900000115187,rollback,1,1,0,stage2_independent_matching,23,0,23-35,1,head_to_head,speed,3,0.000146484375,0.976708984375,0.02314453125,ADM_ref6_independent_matching,,,,23,0,23,35,speed,35,26,26,26,26
speed,23,26,27,26,27,False,True,8.436300000084884,rollback,1,1,1,stage2_independent_matching,23,0,23-35,1,head_to_head,speed,4,0.000146484375,0.976708984375,0.02314453125,ADM_ref6_independent_matching,,,,23,0,23,35,speed,23,26,27,26,27
speed,35,26,26,26,26,True,False,22.35319999999774,soft_decreased,1,1,0,stage2_independent_matching,23,0,23-35,1,head_to_head,speed,5,0.000146484375,0.976708984375,0.02314453125,ADM_ref6_independent_matching,7.32421875e-05,0.9883544921875,0.011572265625,23,0,23,35,speed,35,26,26,26,26
speed,23,26,26,26,26,False,True,8.018900000024587,rollback,1,0,1,stage2_independent_matching,24,0,23-35,1,head_to_head,speed,0,7.32421875e-05,0.9883544921875,0.011572265625,ADM_ref6_independent_matching,,,,24,0,23,35,speed,23,26,26,26,26
speed,35,26,26,26,26,False,True,7.921100000203296,rollback,1,1,0,stage2_independent_matching,24,0,23-35,1,head_to_head,speed,1,7.32421875e-05,0.9883544921875,0.011572265625,ADM_ref6_independent_matching,,,,24,0,23,35,speed,35,26,26,26,26
speed,23,26,27,26,27,False,True,7.928499999707128,rollback,1,1,1,stage2_independent_matching,24,0,23-35,1,head_to_head,speed,2,7.32421875e-05,0.9883544921875,0.011572265625,ADM_ref6_independent_matching,,,,24,0,23,35,speed,23,26,27,26,27
speed,35,26,26,26,26,False,True,7.8211000000010245,rollback,1,1,0,stage2_independent_matching,24,0,23-35,1,head_to_head,speed,3,7.32421875e-05,0.9883544921875,0.011572265625,ADM_ref6_independent_matching,,,,24,0,23,35,speed,35,26,26,26,26
speed,23,26,27,26,27,False,True,8.022099999834609,rollback,1,1,1,stage2_independent_matching,24,0,23-35,1,head_to_head,speed,4,7.32421875e-05,0.9883544921875,0.011572265625,ADM_ref6_independent_matching,,,,24,0,23,35,speed,23,26,27,26,27
speed,35,26,26,26,26,True,False,7.9505000003337045,soft_decreased,1,1,0,stage2_independent_matching,24,0,23-35,1,head_to_head,speed,5,7.32421875e-05,0.9883544921875,0.011572265625,ADM_ref6_independent_matching,3.662109375e-05,0.99417724609375,0.0057861328125,24,0,23,35,speed,35,26,26,26,26
speed,23,26,26,26,26,False,True,8.09079999999085,rollback,1,0,1,stage2_independent_matching,25,0,23-35,1,head_to_head,speed,0,3.662109375e-05,0.99417724609375,0.0057861328125,ADM_ref6_independent_matching,,,,25,0,23,35,speed,23,26,26,26,26
speed,35,26,26,26,26,False,True,7.878100000198174,rollback,1,1,0,stage2_independent_matching,25,0,23-35,1,head_to_head,speed,1,3.662109375e-05,0.99417724609375,0.0057861328125,ADM_ref6_independent_matching,,,,25,0,23,35,speed,35,26,26,26,26
speed,23,26,27,26,27,False,True,7.887100000061764,rollback,1,1,1,stage2_independent_matching,25,0,23-35,1,head_to_head,speed,2,3.662109375e-05,0.99417724609375,0.0057861328125,ADM_ref6_independent_matching,,,,25,0,23,35,speed,23,26,27,26,27
speed,35,26,26,26,26,False,True,7.811199999650853,rollback,1,1,0,stage2_independent_matching,25,0,23-35,1,head_to_head,speed,3,3.662109375e-05,0.99417724609375,0.0057861328125,ADM_ref6_independent_matching,,,,25,0,23,35,speed,35,26,26,26,26
speed,23,26,27,26,27,False,True,7.995999999820924,rollback,1,1,1,stage2_independent_matching,25,0,23-35,1,head_to_head,speed,4,3.662109375e-05,0.99417724609375,0.0057861328125,ADM_ref6_independent_matching,,,,25,0,23,35,speed,23,26,27,26,27
speed,35,26,26,26,26,True,False,7.666800000151852,soft_decreased,1,1,0,stage2_independent_matching,25,0,23-35,1,head_to_head,speed,5,3.662109375e-05,0.99417724609375,0.0057861328125,ADM_ref6_independent_matching,1.8310546875e-05,0.997088623046875,0.00289306640625,25,0,23,35,speed,35,26,26,26,26
speed,23,26,26,26,26,False,True,8.89580000011847,rollback,1,0,1,stage2_independent_matching,26,0,23-35,1,head_to_head,speed,0,1.8310546875e-05,0.997088623046875,0.00289306640625,ADM_ref6_independent_matching,,,,26,0,23,35,speed,23,26,26,26,26
speed,35,26,26,26,26,False,True,22.717000000284315,rollback,1,1,0,stage2_independent_matching,26,0,23-35,1,head_to_head,speed,1,1.8310546875e-05,0.997088623046875,0.00289306640625,ADM_ref6_independent_matching,,,,26,0,23,35,speed,35,26,26,26,26
speed,23,26,27,26,27,False,True,8.966999999756808,rollback,1,1,1,stage2_independent_matching,26,0,23-35,1,head_to_head,speed,2,1.8310546875e-05,0.997088623046875,0.00289306640625,ADM_ref6_independent_matching,,,,26,0,23,35,speed,23,26,27,26,27
speed,35,26,26,26,26,False,True,8.710500000233878,rollback,1,1,0,stage2_independent_matching,26,0,23-35,1,head_to_head,speed,3,1.8310546875e-05,0.997088623046875,0.00289306640625,ADM_ref6_independent_matching,,,,26,0,23,35,speed,35,26,26,26,26
speed,23,26,27,26,27,False,True,7.91110000000117,rollback,1,1,1,stage2_independent_matching,26,0,23-35,1,head_to_head,speed,4,1.8310546875e-05,0.997088623046875,0.00289306640625,ADM_ref6_independent_matching,,,,26,0,23,35,speed,23,26,27,26,27
speed,35,26,26,26,26,True,False,7.970600000135164,soft_decreased,1,1,0,stage2_independent_matching,26,0,23-35,1,head_to_head,speed,5,1.8310546875e-05,0.997088623046875,0.00289306640625,ADM_ref6_independent_matching,9.1552734375e-06,0.9985443115234375,0.001446533203125,26,0,23,35,speed,35,26,26,26,26
speed,23,26,26,26,26,False,True,7.83610000007684,rollback,1,0,1,stage2_independent_matching,27,0,23-35,1,head_to_head,speed,0,9.1552734375e-06,0.9985443115234375,0.001446533203125,ADM_ref6_independent_matching,,,,27,0,23,35,speed,23,26,26,26,26
speed,35,26,26,26,26,False,True,7.803800000147021,rollback,1,1,0,stage2_independent_matching,27,0,23-35,1,head_to_head,speed,1,9.1552734375e-06,0.9985443115234375,0.001446533203125,ADM_ref6_independent_matching,,,,27,0,23,35,speed,35,26,26,26,26
speed,23,26,27,26,27,False,True,7.842800000162242,rollback,1,1,1,stage2_independent_matching,27,0,23-35,1,head_to_head,speed,2,9.1552734375e-06,0.9985443115234375,0.001446533203125,ADM_ref6_independent_matching,,,,27,0,23,35,speed,23,26,27,26,27
speed,35,26,26,26,26,False,True,8.02350000003571,rollback,1,1,0,stage2_independent_matching,27,0,23-35,1,head_to_head,speed,3,9.1552734375e-06,0.9985443115234375,0.001446533203125,ADM_ref6_independent_matching,,,,27,0,23,35,speed,35,26,26,26,26
speed,23,26,27,26,27,False,True,7.985000000189757,rollback,1,1,1,stage2_independent_matching,27,0,23-35,1,head_to_head,speed,4,9.1552734375e-06,0.9985443115234375,0.001446533203125,ADM_ref6_independent_matching,,,,27,0,23,35,speed,23,26,27,26,27
speed,35,26,26,26,26,True,False,7.955999999921914,soft_decreased,1,1,0,stage2_independent_matching,27,0,23-35,1,head_to_head,speed,5,9.1552734375e-06,0.9985443115234375,0.001446533203125,ADM_ref6_independent_matching,4.57763671875e-06,0.9992721557617188,0.0007232666015625,27,0,23,35,speed,35,26,26,26,26
speed,23,26,26,26,26,False,True,8.03749999977299,rollback,1,0,1,stage2_independent_matching,28,0,23-35,1,head_to_head,speed,0,4.57763671875e-06,0.9992721557617188,0.0007232666015625,ADM_ref6_independent_matching,,,,28,0,23,35,speed,23,26,26,26,26
speed,35,26,26,26,26,False,True,8.291899999676389,rollback,1,1,0,stage2_independent_matching,28,0,23-35,1,head_to_head,speed,1,4.57763671875e-06,0.9992721557617188,0.0007232666015625,ADM_ref6_independent_matching,,,,28,0,23,35,speed,35,26,26,26,26
speed,23,26,27,26,27,False,True,9.11130000031335,rollback,1,1,1,stage2_independent_matching,28,0,23-35,1,head_to_head,speed,2,4.57763671875e-06,0.9992721557617188,0.0007232666015625,ADM_ref6_independent_matching,,,,28,0,23,35,speed,23,26,27,26,27
speed,35,26,26,26,26,False,True,24.293299999953888,rollback,1,1,0,stage2_independent_matching,28,0,23-35,1,head_to_head,speed,3,4.57763671875e-06,0.9992721557617188,0.0007232666015625,ADM_ref6_independent_matching,,,,28,0,23,35,speed,35,26,26,26,26
speed,23,26,27,26,27,False,True,8.557900000141672,rollback,1,1,1,stage2_independent_matching,28,0,23-35,1,head_to_head,speed,4,4.57763671875e-06,0.9992721557617188,0.0007232666015625,ADM_ref6_independent_matching,,,,28,0,23,35,speed,23,26,27,26,27
speed,35,26,26,26,26,True,False,8.058700000219687,soft_decreased,1,1,0,stage2_independent_matching,28,0,23-35,1,head_to_head,speed,5,4.57763671875e-06,0.9992721557617188,0.0007232666015625,ADM_ref6_independent_matching,2.288818359375e-06,0.9996360778808594,0.00036163330078125,28,0,23,35,speed,35,26,26,26,26
speed,23,26,26,26,26,False,True,8.244200000262936,rollback,1,0,1,stage2_independent_matching,29,0,23-35,1,head_to_head,speed,0,2.288818359375e-06,0.9996360778808594,0.00036163330078125,ADM_ref6_independent_matching,,,,29,0,23,35,speed,23,26,26,26,26
speed,35,26,26,26,26,False,True,8.167299999968236,rollback,1,1,0,stage2_independent_matching,29,0,23-35,1,head_to_head,speed,1,2.288818359375e-06,0.9996360778808594,0.00036163330078125,ADM_ref6_independent_matching,,,,29,0,23,35,speed,35,26,26,26,26
speed,23,26,27,26,27,False,True,8.690999999998894,rollback,1,1,1,stage2_independent_matching,29,0,23-35,1,head_to_head,speed,2,2.288818359375e-06,0.9996360778808594,0.00036163330078125,ADM_ref6_independent_matching,,,,29,0,23,35,speed,23,26,27,26,27
speed,35,26,26,26,26,False,True,8.367400000224734,rollback,1,1,0,stage2_independent_matching,29,0,23-35,1,head_to_head,speed,3,2.288818359375e-06,0.9996360778808594,0.00036163330078125,ADM_ref6_independent_matching,,,,29,0,23,35,speed,35,26,26,26,26
speed,23,26,27,26,27,False,True,8.454799999981333,rollback,1,1,1,stage2_independent_matching,29,0,23-35,1,head_to_head,speed,4,2.288818359375e-06,0.9996360778808594,0.00036163330078125,ADM_ref6_independent_matching,,,,29,0,23,35,speed,23,26,27,26,27
speed,35,26,26,26,26,True,False,8.473300000332529,soft_decreased,1,1,0,stage2_independent_matching,29,0,23-35,1,head_to_head,speed,5,2.288818359375e-06,0.9996360778808594,0.00036163330078125,ADM_ref6_independent_matching,1.1444091796875e-06,0.9998180389404296,0.000180816650390625,29,0,23,35,speed,35,26,26,26,26
speed,23,26,26,26,26,False,True,8.159799999702955,rollback,1,0,1,stage2_independent_matching,30,0,23-35,1,head_to_head,speed,0,1.1444091796875e-06,0.9998180389404296,0.000180816650390625,ADM_ref6_independent_matching,,,,30,0,23,35,speed,23,26,26,26,26
speed,35,26,26,26,26,False,True,8.270899999843095,rollback,1,1,0,stage2_independent_matching,30,0,23-35,1,head_to_head,speed,1,1.1444091796875e-06,0.9998180389404296,0.000180816650390625,ADM_ref6_independent_matching,,,,30,0,23,35,speed,35,26,26,26,26
speed,23,26,27,26,27,False,True,8.15119999970193,rollback,1,1,1,stage2_independent_matching,30,0,23-35,1,head_to_head,speed,2,1.1444091796875e-06,0.9998180389404296,0.000180816650390625,ADM_ref6_independent_matching,,,,30,0,23,35,speed,23,26,27,26,27
speed,35,26,26,26,26,False,True,7.8143000000636675,rollback,1,1,0,stage2_independent_matching,30,0,23-35,1,head_to_head,speed,3,1.1444091796875e-06,0.9998180389404296,0.000180816650390625,ADM_ref6_independent_matching,,,,30,0,23,35,speed,35,26,26,26,26
speed,23,26,27,26,27,False,True,8.537499999874854,rollback,1,1,1,stage2_independent_matching,30,0,23-35,1,head_to_head,speed,4,1.1444091796875e-06,0.9998180389404296,0.000180816650390625,ADM_ref6_independent_matching,,,,30,0,23,35,speed,23,26,27,26,27
speed,35,26,26,26,26,True,False,22.289099999852624,soft_decreased,1,1,0,stage2_independent_matching,30,0,23-35,1,head_to_head,speed,5,1.1444091796875e-06,0.9998180389404296,0.000180816650390625,ADM_ref6_independent_matching,5.7220458984375e-07,0.9999090194702148,9.04083251953125e-05,30,0,23,35,speed,35,26,26,26,26
speed,23,26,26,26,26,False,True,8.585600000060367,rollback,1,0,1,stage2_independent_matching,31,0,23-35,1,head_to_head,speed,0,5.7220458984375e-07,0.9999090194702148,9.04083251953125e-05,ADM_ref6_independent_matching,,,,31,0,23,35,speed,23,26,26,26,26
speed,35,26,26,26,26,False,True,7.839200000034907,rollback,1,1,0,stage2_independent_matching,31,0,23-35,1,head_to_head,speed,1,5.7220458984375e-07,0.9999090194702148,9.04083251953125e-05,ADM_ref6_independent_matching,,,,31,0,23,35,speed,35,26,26,26,26
speed,23,26,27,26,27,False,True,7.875599999806582,rollback,1,1,1,stage2_independent_matching,31,0,23-35,1,head_to_head,speed,2,5.7220458984375e-07,0.9999090194702148,9.04083251953125e-05,ADM_ref6_independent_matching,,,,31,0,23,35,speed,23,26,27,26,27
speed,35,26,26,26,26,False,True,7.811599999968166,rollback,1,1,0,stage2_independent_matching,31,0,23-35,1,head_to_head,speed,3,5.7220458984375e-07,0.9999090194702148,9.04083251953125e-05,ADM_ref6_independent_matching,,,,31,0,23,35,speed,35,26,26,26,26
speed,23,26,27,26,27,False,True,8.309700000154407,rollback,1,1,1,stage2_independent_matching,31,0,23-35,1,head_to_head,speed,4,5.7220458984375e-07,0.9999090194702148,9.04083251953125e-05,ADM_ref6_independent_matching,,,,31,0,23,35,speed,23,26,27,26,27
speed,23,26,27,26,27,False,True,8.18150000031892,rollback,1,1,1,stage2_independent_matching,31,0,23-35,1,head_to_head,speed,5,5.7220458984375e-07,0.9999090194702148,9.04083251953125e-05,ADM_ref6_independent_matching,,,,31,0,23,35,speed,23,26,27,26,27
speed,23,26,26,26,26,False,True,8.00359999993816,rollback,1,0,1,stage2_independent_matching,31,0,23-35,1,head_to_head,speed,6,5.7220458984375e-07,0.9999090194702148,9.04083251953125e-05,ADM_ref6_independent_matching,,,,31,0,23,35,speed,23,26,26,26,26
cruise_level,23,26,25,26,25,True,False,8.474400000068272,pairs_decreased,1,0,0,stage2_independent_matching,31,0,23-35,1,head_to_head,reroute,0,5.7220458984375e-07,0.9999090194702148,9.04083251953125e-05,ADM_ref6_independent_matching,2.86102294921875e-07,0.4999545097351074,0.5000452041625977,31,0,23,35,reroute,23,26,25,26,25
speed,24,25,25,25,26,False,True,8.096200000181852,rollback,1,2,0,stage2_independent_matching,32,0,24-94,1,head_to_head,speed,0,2.86102294921875e-07,0.4999545097351074,0.5000452041625977,ADM_ref6_independent_matching,,,,32,0,24,94,speed,24,25,26,25,25
speed,94,25,24,25,24,True,False,7.901699999820266,pairs_decreased,1,0,0,stage2_independent_matching,32,0,24-94,1,head_to_head,speed,1,2.86102294921875e-07,0.4999545097351074,0.5000452041625977,ADM_ref6_independent_matching,1.430511474609375e-07,0.7499772548675537,0.25002260208129884,32,0,24,94,speed,94,25,24,25,24
cruise_level,25,24,26,24,29,False,True,7.589399999687885,rollback,1,0,3,stage2_independent_matching,33,0,25-45,1,crossing,reroute,0,0.000244140625,0.0025390625,0.997216796875,ADM_ref6_independent_matching,,,,33,0,25,45,reroute,25,24,29,24,26
cruise_level,25,24,24,24,24,True,False,7.571699999971315,soft_decreased,1,0,1,stage2_independent_matching,33,0,25-45,1,crossing,reroute,1,0.000244140625,0.0025390625,0.997216796875,ADM_ref6_independent_matching,0.0001220703125,0.00126953125,0.9986083984375,33,0,25,45,reroute,25,24,24,24,24
cruise_level,6,24,25,24,25,False,True,22.551000000021304,rollback,1,0,2,stage2_independent_matching,34,0,6-25,1,crossing,reroute,0,0.0001220703125,0.00126953125,0.9986083984375,ADM_ref6_independent_matching,,,,34,0,6,25,reroute,6,24,25,24,25
cruise_level,6,24,23,24,23,True,False,7.723100000021077,pairs_decreased,1,0,0,stage2_independent_matching,34,0,6-25,1,crossing,reroute,1,0.0001220703125,0.00126953125,0.9986083984375,ADM_ref6_independent_matching,6.103515625e-05,0.000634765625,0.99930419921875,34,0,6,25,reroute,6,24,23,24,23
cruise_level,28,23,22,23,22,True,False,7.899799999904644,pairs_decreased,1,0,0,stage2_independent_matching,35,0,28-45,1,crossing,reroute,0,6.103515625e-05,0.000634765625,0.99930419921875,ADM_ref6_independent_matching,3.0517578125e-05,0.0003173828125,0.999652099609375,35,0,28,45,reroute,28,23,22,23,22
cruise_level,29,22,20,22,20,True,False,7.6915000004191825,pairs_decreased,1,0,0,stage2_independent_matching,36,0,29-41,1,head_to_head,reroute,0,1.430511474609375e-07,0.7499772548675537,0.25002260208129884,ADM_ref6_independent_matching,7.152557373046875e-08,0.37498862743377687,0.6250113010406494,36,0,29,41,reroute,29,22,20,22,20
cruise_level,33,20,19,20,19,True,False,8.273800000097253,pairs_decreased,1,0,0,stage2_independent_matching,37,0,33-62,1,crossing,reroute,0,3.0517578125e-05,0.0003173828125,0.999652099609375,ADM_ref6_independent_matching,1.52587890625e-05,0.00015869140625,0.9998260498046875,37,0,33,62,reroute,33,20,19,20,19
cruise_level,34,19,20,19,24,False,True,7.6214999999137945,rollback,1,0,2,stage2_independent_matching,38,0,34-61,1,crossing,reroute,0,1.52587890625e-05,0.00015869140625,0.9998260498046875,ADM_ref6_independent_matching,,,,38,0,34,61,reroute,34,19,24,19,20
cruise_level,34,19,18,19,18,True,False,7.624599999871862,pairs_decreased,1,0,0,stage2_independent_matching,38,0,34-61,1,crossing,reroute,1,1.52587890625e-05,0.00015869140625,0.9998260498046875,ADM_ref6_independent_matching,7.62939453125e-06,7.9345703125e-05,0.9999130249023438,38,0,34,61,reroute,34,19,18,19,18
cruise_level,37,18,19,18,19,False,True,8.177899999736837,rollback,1,0,2,stage2_independent_matching,39,0,37-92,1,head_to_head,reroute,0,7.152557373046875e-08,0.37498862743377687,0.6250113010406494,ADM_ref6_independent_matching,,,,39,0,37,92,reroute,37,18,19,18,19
cruise_level,37,18,17,18,17,True,False,7.802000000083353,pairs_decreased,1,0,0,stage2_independent_matching,39,0,37-92,1,head_to_head,reroute,1,7.152557373046875e-08,0.37498862743377687,0.6250113010406494,ADM_ref6_independent_matching,3.5762786865234374e-08,0.18749431371688843,0.8125056505203248,39,0,37,92,reroute,37,18,17,18,17
cruise_level,38,17,18,17,18,False,True,8.540699999684875,rollback,1,0,2,stage2_independent_matching,40,0,38-78,1,crossing,reroute,0,7.62939453125e-06,7.9345703125e-05,0.9999130249023438,ADM_ref6_independent_matching,,,,40,0,38,78,reroute,38,17,18,17,18
cruise_level,38,17,16,17,16,True,False,7.642900000064401,pairs_decreased,1,0,0,stage2_independent_matching,40,0,38-78,1,crossing,reroute,1,7.62939453125e-06,7.9345703125e-05,0.9999130249023438,ADM_ref6_independent_matching,3.814697265625e-06,3.96728515625e-05,0.9999565124511719,40,0,38,78,reroute,38,17,16,17,16
cruise_level,39,16,15,16,15,True,False,23.097100000086357,pairs_decreased,1,0,1,stage2_independent_matching,41,0,39-52,1,head_to_head,reroute,0,3.5762786865234374e-08,0.18749431371688843,0.8125056505203248,ADM_ref6_independent_matching,1.7881393432617187e-08,0.09374715685844422,0.9062528252601624,41,0,39,52,reroute,39,16,15,16,15
cruise_level,22,15,16,15,16,False,True,7.677699999931065,rollback,1,0,2,stage2_independent_matching,42,0,22-39,1,crossing,reroute,0,3.814697265625e-06,3.96728515625e-05,0.9999565124511719,ADM_ref6_independent_matching,,,,42,0,22,39,reroute,22,15,16,15,16
cruise_level,22,15,14,15,14,True,False,7.680300000174611,pairs_decreased,1,0,0,stage2_independent_matching,42,0,22-39,1,crossing,reroute,1,3.814697265625e-06,3.96728515625e-05,0.9999565124511719,ADM_ref6_independent_matching,1.9073486328125e-06,1.983642578125e-05,0.9999782562255859,42,0,22,39,reroute,22,15,14,15,14
cruise_level,40,14,14,14,14,False,True,8.203500000036001,rollback,1,0,1,stage2_independent_matching,43,0,40-50,1,head_to_head,reroute,0,1.7881393432617187e-08,0.09374715685844422,0.9062528252601624,ADM_ref6_independent_matching,,,,43,0,40,50,reroute,40,14,14,14,14
cruise_level,40,14,13,14,13,True,False,7.55490000028658,pairs_decreased,1,0,0,stage2_independent_matching,43,0,40-50,1,head_to_head,reroute,1,1.7881393432617187e-08,0.09374715685844422,0.9062528252601624,ADM_ref6_independent_matching,8.940696716308593e-09,0.04687357842922211,0.9531264126300811,43,0,40,50,reroute,40,14,13,14,13
cruise_level,45,13,13,13,13,False,True,7.820299999821145,rollback,1,0,1,stage2_independent_matching,44,0,45-59,1,crossing,reroute,0,1.9073486328125e-06,1.983642578125e-05,0.9999782562255859,ADM_ref6_independent_matching,,,,44,0,45,59,reroute,45,13,13,13,13
cruise_level,45,13,14,13,14,False,True,7.591500000216911,rollback,1,0,2,stage2_independent_matching,44,0,45-59,1,crossing,reroute,1,1.9073486328125e-06,1.983642578125e-05,0.9999782562255859,ADM_ref6_independent_matching,,,,44,0,45,59,reroute,45,13,14,13,14
cruise_level,45,13,12,13,12,True,False,7.7159999996183615,pairs_decreased,1,0,0,stage2_independent_matching,44,0,45-59,1,crossing,reroute,2,1.9073486328125e-06,1.983642578125e-05,0.9999782562255859,ADM_ref6_independent_matching,9.5367431640625e-07,9.918212890625e-06,0.999989128112793,44,0,45,59,reroute,45,13,12,13,12
cruise_level,46,12,12,12,12,False,True,8.740899999793328,rollback,1,0,1,stage2_independent_matching,45,0,46-63,1,head_to_head,reroute,0,8.940696716308593e-09,0.04687357842922211,0.9531264126300811,ADM_ref6_independent_matching,,,,45,0,46,63,reroute,46,12,12,12,12
cruise_level,46,12,12,12,12,False,True,7.662099999834027,rollback,1,0,1,stage2_independent_matching,45,0,46-63,1,head_to_head,reroute,1,8.940696716308593e-09,0.04687357842922211,0.9531264126300811,ADM_ref6_independent_matching,,,,45,0,46,63,reroute,46,12,12,12,12
cruise_level,46,12,11,12,11,True,False,8.290499999930034,pairs_decreased,1,0,0,stage2_independent_matching,45,0,46-63,1,head_to_head,reroute,2,8.940696716308593e-09,0.04687357842922211,0.9531264126300811,ADM_ref6_independent_matching,4.470348358154297e-09,0.023436789214611054,0.9765632063150406,45,0,46,63,reroute,46,12,11,12,11
cruise_level,48,11,11,11,11,False,True,8.188499999960186,rollback,1,0,1,stage2_independent_matching,46,0,48-75,1,crossing,reroute,0,9.5367431640625e-07,9.918212890625e-06,0.999989128112793,ADM_ref6_independent_matching,,,,46,0,48,75,reroute,48,11,11,11,11
cruise_level,48,11,10,11,10,True,False,12.994000000162487,pairs_decreased,1,0,0,stage2_independent_matching,46,0,48-75,1,crossing,reroute,1,9.5367431640625e-07,9.918212890625e-06,0.999989128112793,ADM_ref6_independent_matching,4.76837158203125e-07,4.9591064453125e-06,0.9999945640563965,46,0,48,75,reroute,48,11,10,11,10
cruise_level,51,10,11,10,14,False,True,8.177300000170362,rollback,1,0,2,stage2_independent_matching,47,0,51-80,1,head_to_head,reroute,0,4.470348358154297e-09,0.023436789214611054,0.9765632063150406,ADM_ref6_independent_matching,,,,47,0,51,80,reroute,51,10,14,10,11
cruise_level,51,10,9,10,9,True,False,7.571099999950093,pairs_decreased,1,0,0,stage2_independent_matching,47,0,51-80,1,head_to_head,reroute,1,4.470348358154297e-09,0.023436789214611054,0.9765632063150406,ADM_ref6_independent_matching,2.2351741790771484e-09,0.011718394607305527,0.9882816031575203,47,0,51,80,reroute,51,10,9,10,9
cruise_level,52,9,10,9,10,False,True,7.721400000264111,rollback,1,0,2,stage2_independent_matching,48,0,52-95,1,crossing,reroute,0,4.76837158203125e-07,4.9591064453125e-06,0.9999945640563965,ADM_ref6_independent_matching,,,,48,0,52,95,reroute,52,9,10,9,10
cruise_level,52,9,8,9,8,True,False,7.458399999904941,pairs_decreased,1,0,0,stage2_independent_matching,48,0,52-95,1,crossing,reroute,1,4.76837158203125e-07,4.9591064453125e-06,0.9999945640563965,ADM_ref6_independent_matching,2.384185791015625e-07,2.47955322265625e-06,0.9999972820281983,48,0,52,95,reroute,52,9,8,9,8
cruise_level,60,8,6,8,6,True,False,7.935600000109844,pairs_decreased,1,0,1,stage2_independent_matching,49,0,60-74,1,crossing,reroute,0,2.384185791015625e-07,2.47955322265625e-06,0.9999972820281983,ADM_ref6_independent_matching,1.1920928955078125e-07,1.239776611328125e-06,0.9999986410140991,49,0,60,74,reroute,60,8,6,8,6
cruise_level,14,6,6,6,6,False,True,8.212299999740935,rollback,1,0,1,stage2_independent_matching,50,0,14-60,1,crossing,reroute,0,1.1920928955078125e-07,1.239776611328125e-06,0.9999986410140991,ADM_ref6_independent_matching,,,,50,0,14,60,reroute,14,6,6,6,6
cruise_level,14,6,6,6,6,False,True,7.993099999566766,rollback,1,1,0,stage2_independent_matching,50,0,14-60,1,crossing,reroute,1,1.1920928955078125e-07,1.239776611328125e-06,0.9999986410140991,ADM_ref6_independent_matching,,,,50,0,14,60,reroute,14,6,6,6,6
cruise_level,60,6,6,6,6,False,True,7.654799999727402,rollback,1,0,1,stage2_independent_matching,50,0,14-60,1,crossing,reroute,2,1.1920928955078125e-07,1.239776611328125e-06,0.9999986410140991,ADM_ref6_independent_matching,,,,50,0,14,60,reroute,60,6,6,6,6
cruise_level,60,6,6,6,6,False,True,8.009600000150385,rollback,1,1,0,stage2_independent_matching,50,0,14-60,1,crossing,reroute,3,1.1920928955078125e-07,1.239776611328125e-06,0.9999986410140991,ADM_ref6_independent_matching,,,,50,0,14,60,reroute,60,6,6,6,6
reroute,14,6,5,6,5,True,False,8.379099999729078,pairs_decreased,1,0,0,stage2_independent_matching,50,0,14-60,1,crossing,reroute,4,1.1920928955078125e-07,1.239776611328125e-06,0.9999986410140991,ADM_ref6_independent_matching,5.960464477539063e-08,6.198883056640625e-07,0.9999993205070495,50,0,14,60,reroute,14,6,5,6,5
cruise_level,61,5,5,5,5,False,True,11.118700000224635,rollback,1,0,1,stage2_independent_matching,51,0,61-83,1,crossing,reroute,0,5.960464477539063e-08,6.198883056640625e-07,0.9999993205070495,ADM_ref6_independent_matching,,,,51,0,61,83,reroute,61,5,5,5,5
cruise_level,61,5,5,5,5,False,True,20.47500000026048,rollback,1,0,1,stage2_independent_matching,51,0,61-83,1,crossing,reroute,1,5.960464477539063e-08,6.198883056640625e-07,0.9999993205070495,ADM_ref6_independent_matching,,,,51,0,61,83,reroute,61,5,5,5,5
cruise_level,61,5,5,5,5,False,True,7.739399999991292,rollback,1,0,1,stage2_independent_matching,51,0,61-83,1,crossing,reroute,2,5.960464477539063e-08,6.198883056640625e-07,0.9999993205070495,ADM_ref6_independent_matching,,,,51,0,61,83,reroute,61,5,5,5,5
cruise_level,83,5,3,5,3,True,False,7.475900000372349,pairs_decreased,1,0,0,stage2_independent_matching,51,0,61-83,1,crossing,reroute,3,5.960464477539063e-08,6.198883056640625e-07,0.9999993205070495,ADM_ref6_independent_matching,2.9802322387695312e-08,3.0994415283203126e-07,0.9999996602535248,51,0,61,83,reroute,83,5,3,5,3
cruise_level,66,3,2,3,2,True,False,7.767999999941821,pairs_decreased,1,0,0,stage2_independent_matching,52,0,66-87,1,crossing,reroute,0,2.9802322387695312e-08,3.0994415283203126e-07,0.9999996602535248,ADM_ref6_independent_matching,1.4901161193847656e-08,1.5497207641601563e-07,0.9999998301267624,52,0,66,87,reroute,66,3,2,3,2
cruise_level,68,2,1,2,1,True,False,7.944800000132091,pairs_decreased,1,0,0,stage2_independent_matching,53,0,68-95,1,head_to_head,reroute,0,2.2351741790771484e-09,0.011718394607305527,0.9882816031575203,ADM_ref6_independent_matching,1.1175870895385742e-09,0.0058591973036527635,0.9941408015787602,53,0,68,95,reroute,68,2,1,2,1
cruise_level,96,1,0,1,0,True,False,8.096800000203075,pairs_decreased,1,0,0,stage2_independent_matching,54,0,96-97,1,crossing,reroute,0,1.4901161193847656e-08,1.5497207641601563e-07,0.9999998301267624,ADM_ref6_independent_matching,7.450580596923828e-09,7.748603820800782e-08,0.9999999150633812,54,0,96,97,reroute,96,1,0,1,0
