plan_a,plan_b,cell_x,cell_y,cell_z,time_a,time_b,time_gap,required_gap,tried_delay_a,tried_delay_b,tried_speed_a,tried_speed_b,tried_reroute,reason_failed
38,40,33,31,2,914.5428849484113,925.4849696824301,-10.942084734018863,78.59349649318845,False,False,False,False,False,remaining_after_repair
69,92,32,25,1,781.7387717222873,755.0299274960026,26.70884422628467,86.38329575665793,False,False,False,False,False,remaining_after_repair
3,89,35,30,1,1280.7069174828061,1274.3945911249407,6.312326357865459,77.44615077884208,False,False,False,False,False,remaining_after_repair
4,56,15,26,2,1336.2934793474717,1326.4095456030425,9.883933744429214,72.86310449755894,False,False,False,False,False,remaining_after_repair
7,29,43,38,1,1525.0430299869922,1549.5866252975047,-24.5435953105125,77.57338984217526,False,False,False,False,False,remaining_after_repair
13,75,3,49,1,1042.945054908938,1017.1010153745475,25.84403953439039,81.62647701778798,False,False,False,False,False,remaining_after_repair
87,88,8,26,1,789.9717360180789,816.8186095208026,-26.846873502723724,77.22043147177274,False,False,False,False,False,remaining_after_repair
16,61,43,11,2,886.133389031599,906.3554999072484,-20.222110875649378,66.26343996618888,False,False,False,False,False,remaining_after_repair
16,61,44,12,2,898.17615541503,920.9712760394201,-22.79512062439005,67.56968454646167,False,False,False,False,False,remaining_after_repair
66,76,36,24,1,860.1697025299429,918.3282643757091,-58.158561845766144,70.14005338263821,False,False,False,False,False,remaining_after_repair
32,67,51,34,1,917.3344951073358,924.0881046111813,-6.753609503845496,72.0712839173381,False,False,False,False,False,remaining_after_repair
17,83,53,8,1,1973.0808265057722,2039.5073124639846,-66.42648595821242,120.74082572156934,False,False,False,False,False,remaining_after_repair
39,81,37,35,1,1698.7193284642694,1647.2754405656285,51.443887898640924,90.93444001453207,False,False,False,False,False,remaining_after_repair
30,35,30,43,1,870.5515862623836,907.235302874132,-36.68371661174842,74.80041640125633,False,False,False,False,False,remaining_after_repair
73,74,27,52,2,2244.7037464069676,2205.0893671619024,39.614379245065265,107.8409789282084,False,False,False,False,False,remaining_after_repair
62,90,35,30,2,1350.204882336356,1338.1765361128673,12.028346223488597,79.33866263942093,False,False,False,False,False,remaining_after_repair
22,95,28,30,2,544.0211659211732,588.9932783557647,-44.97211243459151,85.24246927585813,False,False,False,False,False,remaining_after_repair
23,70,37,27,1,381.9284349102601,327.7755821270569,54.15285278320317,72.39842549053986,False,False,False,False,False,remaining_after_repair
27,51,31,45,2,1906.701114214125,1893.2090861900913,13.492028024033743,87.48624748544809,False,False,False,False,False,remaining_after_repair
46,47,13,36,2,846.282771840306,881.7193370388185,-35.436565198512426,73.47265507712024,False,False,False,False,False,remaining_after_repair
31,63,28,37,3,1420.8434703689036,1443.555446923427,-22.711976554523517,79.25631105266851,False,False,False,False,False,remaining_after_repair
32,40,28,50,2,1164.6705438846973,1130.0380095080009,34.63253437669641,92.11158049393546,False,False,False,False,False,remaining_after_repair
36,48,10,20,2,776.4963383886306,745.4692977010558,31.027040687574868,86.63440485244944,False,False,False,False,False,remaining_after_repair
45,60,58,31,1,1278.619175713829,1238.544979405017,40.074196308811906,98.37795948471319,False,False,False,False,False,remaining_after_repair
68,99,47,33,2,1947.2399498885027,1980.3523531984672,-33.11240330996452,75.15375032715177,False,False,False,False,False,remaining_after_repair
